date,year,month,month_name,admin1,governorate,gov_pcode,event_type,events,fatalities
2016-01-01,2016,1,January,West Bank,Jenin,PS0101,political_violence,2,0
2016-01-01,2016,1,January,West Bank,Jericho,PS0135,political_violence,0,0
2016-01-01,2016,1,January,West Bank,Qalqilya,PS0120,political_violence,6,0
2016-01-01,2016,1,January,West Bank,Salfit,PS0125,political_violence,3,2
2016-01-01,2016,1,January,West Bank,Nablus,PS0115,political_violence,6,4
2016-01-01,2016,1,January,West Bank,Ramallah and Al Bireh,PS0130,political_violence,9,4
2016-01-01,2016,1,January,West Bank,Bethlehem,PS0145,political_violence,15,2
2016-01-01,2016,1,January,West Bank,Al Quds,PS0140,political_violence,16,1
2016-01-01,2016,1,January,West Bank,Hebron,PS0150,political_violence,14,13
2016-01-01,2016,1,January,West Bank,Tulkarm,PS0110,political_violence,3,0
2016-01-01,2016,1,January,West Bank,Tubas,PS0105,political_violence,2,0
2016-02-01,2016,2,February,West Bank,Jenin,PS0101,political_violence,8,3
2016-02-01,2016,2,February,West Bank,Jericho,PS0135,political_violence,1,1
2016-02-01,2016,2,February,West Bank,Qalqilya,PS0120,political_violence,3,0
2016-02-01,2016,2,February,West Bank,Salfit,PS0125,political_violence,1,0
2016-02-01,2016,2,February,West Bank,Nablus,PS0115,political_violence,9,1
2016-02-01,2016,2,February,West Bank,Ramallah and Al Bireh,PS0130,political_violence,8,2
2016-02-01,2016,2,February,West Bank,Bethlehem,PS0145,political_violence,14,3
2016-02-01,2016,2,February,West Bank,Al Quds,PS0140,political_violence,15,11
2016-02-01,2016,2,February,West Bank,Hebron,PS0150,political_violence,11,4
2016-02-01,2016,2,February,West Bank,Tulkarm,PS0110,political_violence,2,1
2016-02-01,2016,2,February,West Bank,Tubas,PS0105,political_violence,0,0
2016-03-01,2016,3,March,West Bank,Jenin,PS0101,political_violence,2,0
2016-03-01,2016,3,March,West Bank,Jericho,PS0135,political_violence,1,0
2016-03-01,2016,3,March,West Bank,Qalqilya,PS0120,political_violence,2,0
2016-03-01,2016,3,March,West Bank,Salfit,PS0125,political_violence,3,3
2016-03-01,2016,3,March,West Bank,Nablus,PS0115,political_violence,8,2
2016-03-01,2016,3,March,West Bank,Ramallah and Al Bireh,PS0130,political_violence,4,0
2016-03-01,2016,3,March,West Bank,Bethlehem,PS0145,political_violence,8,0
2016-03-01,2016,3,March,West Bank,Al Quds,PS0140,political_violence,14,4
2016-03-01,2016,3,March,West Bank,Hebron,PS0150,political_violence,10,8
2016-03-01,2016,3,March,West Bank,Tulkarm,PS0110,political_violence,0,0
2016-03-01,2016,3,March,West Bank,Tubas,PS0105,political_violence,0,0
2016-04-01,2016,4,April,West Bank,Jenin,PS0101,political_violence,2,0
2016-04-01,2016,4,April,West Bank,Jericho,PS0135,political_violence,0,0
2016-04-01,2016,4,April,West Bank,Qalqilya,PS0120,political_violence,3,0
2016-04-01,2016,4,April,West Bank,Salfit,PS0125,political_violence,0,0
2016-04-01,2016,4,April,West Bank,Nablus,PS0115,political_violence,7,0
2016-04-01,2016,4,April,West Bank,Ramallah and Al Bireh,PS0130,political_violence,2,0
2016-04-01,2016,4,April,West Bank,Bethlehem,PS0145,political_violence,2,0
2016-04-01,2016,4,April,West Bank,Al Quds,PS0140,political_violence,20,3
2016-04-01,2016,4,April,West Bank,Hebron,PS0150,political_violence,5,1
2016-04-01,2016,4,April,West Bank,Tulkarm,PS0110,political_violence,0,0
2016-04-01,2016,4,April,West Bank,Tubas,PS0105,political_violence,0,0
2016-05-01,2016,5,May,West Bank,Jenin,PS0101,political_violence,0,0
2016-05-01,2016,5,May,West Bank,Jericho,PS0135,political_violence,0,0
2016-05-01,2016,5,May,West Bank,Qalqilya,PS0120,political_violence,3,0
2016-05-01,2016,5,May,West Bank,Salfit,PS0125,political_violence,0,0
2016-05-01,2016,5,May,West Bank,Nablus,PS0115,political_violence,0,0
2016-05-01,2016,5,May,West Bank,Ramallah and Al Bireh,PS0130,political_violence,3,2
2016-05-01,2016,5,May,West Bank,Bethlehem,PS0145,political_violence,7,0
2016-05-01,2016,5,May,West Bank,Al Quds,PS0140,political_violence,15,3
2016-05-01,2016,5,May,West Bank,Hebron,PS0150,political_violence,5,1
2016-05-01,2016,5,May,West Bank,Tulkarm,PS0110,political_violence,0,0
2016-05-01,2016,5,May,West Bank,Tubas,PS0105,political_violence,0,0
2016-06-01,2016,6,June,West Bank,Jenin,PS0101,political_violence,2,3
2016-06-01,2016,6,June,West Bank,Jericho,PS0135,political_violence,0,0
2016-06-01,2016,6,June,West Bank,Qalqilya,PS0120,political_violence,3,0
2016-06-01,2016,6,June,West Bank,Salfit,PS0125,political_violence,0,0
2016-06-01,2016,6,June,West Bank,Nablus,PS0115,political_violence,7,3
2016-06-01,2016,6,June,West Bank,Ramallah and Al Bireh,PS0130,political_violence,7,1
2016-06-01,2016,6,June,West Bank,Bethlehem,PS0145,political_violence,6,0
2016-06-01,2016,6,June,West Bank,Al Quds,PS0140,political_violence,18,0
2016-06-01,2016,6,June,West Bank,Hebron,PS0150,political_violence,11,4
2016-06-01,2016,6,June,West Bank,Tulkarm,PS0110,political_violence,2,1
2016-06-01,2016,6,June,West Bank,Tubas,PS0105,political_violence,0,0
2016-07-01,2016,7,July,West Bank,Jenin,PS0101,political_violence,1,0
2016-07-01,2016,7,July,West Bank,Jericho,PS0135,political_violence,0,0
2016-07-01,2016,7,July,West Bank,Qalqilya,PS0120,political_violence,2,0
2016-07-01,2016,7,July,West Bank,Salfit,PS0125,political_violence,2,0
2016-07-01,2016,7,July,West Bank,Nablus,PS0115,political_violence,3,1
2016-07-01,2016,7,July,West Bank,Ramallah and Al Bireh,PS0130,political_violence,7,0
2016-07-01,2016,7,July,West Bank,Bethlehem,PS0145,political_violence,8,0
2016-07-01,2016,7,July,West Bank,Al Quds,PS0140,political_violence,6,3
2016-07-01,2016,7,July,West Bank,Hebron,PS0150,political_violence,16,6
2016-07-01,2016,7,July,West Bank,Tulkarm,PS0110,political_violence,0,0
2016-07-01,2016,7,July,West Bank,Tubas,PS0105,political_violence,0,0
2016-08-01,2016,8,August,West Bank,Jenin,PS0101,political_violence,5,0
2016-08-01,2016,8,August,West Bank,Jericho,PS0135,political_violence,0,0
2016-08-01,2016,8,August,West Bank,Qalqilya,PS0120,political_violence,2,0
2016-08-01,2016,8,August,West Bank,Salfit,PS0125,political_violence,2,1
2016-08-01,2016,8,August,West Bank,Nablus,PS0115,political_violence,8,1
2016-08-01,2016,8,August,West Bank,Ramallah and Al Bireh,PS0130,political_violence,4,1
2016-08-01,2016,8,August,West Bank,Bethlehem,PS0145,political_violence,7,0
2016-08-01,2016,8,August,West Bank,Al Quds,PS0140,political_violence,8,0
2016-08-01,2016,8,August,West Bank,Hebron,PS0150,political_violence,9,3
2016-08-01,2016,8,August,West Bank,Tulkarm,PS0110,political_violence,0,0
2016-08-01,2016,8,August,West Bank,Tubas,PS0105,political_violence,1,0
2016-09-01,2016,9,September,West Bank,Jenin,PS0101,political_violence,3,0
2016-09-01,2016,9,September,West Bank,Jericho,PS0135,political_violence,0,0
2016-09-01,2016,9,September,West Bank,Qalqilya,PS0120,political_violence,2,0
2016-09-01,2016,9,September,West Bank,Salfit,PS0125,political_violence,0,0
2016-09-01,2016,9,September,West Bank,Nablus,PS0115,political_violence,9,1
2016-09-01,2016,9,September,West Bank,Ramallah and Al Bireh,PS0130,political_violence,2,0
2016-09-01,2016,9,September,West Bank,Bethlehem,PS0145,political_violence,4,1
2016-09-01,2016,9,September,West Bank,Al Quds,PS0140,political_violence,8,4
2016-09-01,2016,9,September,West Bank,Hebron,PS0150,political_violence,13,7
2016-09-01,2016,9,September,West Bank,Tulkarm,PS0110,political_violence,2,1
2016-09-01,2016,9,September,West Bank,Tubas,PS0105,political_violence,0,0
2016-10-01,2016,10,October,West Bank,Jenin,PS0101,political_violence,5,0
2016-10-01,2016,10,October,West Bank,Jericho,PS0135,political_violence,0,0
2016-10-01,2016,10,October,West Bank,Qalqilya,PS0120,political_violence,1,0
2016-10-01,2016,10,October,West Bank,Salfit,PS0125,political_violence,1,1
2016-10-01,2016,10,October,West Bank,Nablus,PS0115,political_violence,13,1
2016-10-01,2016,10,October,West Bank,Ramallah and Al Bireh,PS0130,political_violence,7,2
2016-10-01,2016,10,October,West Bank,Bethlehem,PS0145,political_violence,6,0
2016-10-01,2016,10,October,West Bank,Al Quds,PS0140,political_violence,16,5
2016-10-01,2016,10,October,West Bank,Hebron,PS0150,political_violence,7,4
2016-10-01,2016,10,October,West Bank,Tulkarm,PS0110,political_violence,3,0
2016-10-01,2016,10,October,West Bank,Tubas,PS0105,political_violence,1,0
2016-11-01,2016,11,November,West Bank,Jenin,PS0101,political_violence,0,0
2016-11-01,2016,11,November,West Bank,Jericho,PS0135,political_violence,1,0
2016-11-01,2016,11,November,West Bank,Qalqilya,PS0120,political_violence,3,0
2016-11-01,2016,11,November,West Bank,Salfit,PS0125,political_violence,0,0
2016-11-01,2016,11,November,West Bank,Nablus,PS0115,political_violence,7,2
2016-11-01,2016,11,November,West Bank,Ramallah and Al Bireh,PS0130,political_violence,10,1
2016-11-01,2016,11,November,West Bank,Bethlehem,PS0145,political_violence,3,0
2016-11-01,2016,11,November,West Bank,Al Quds,PS0140,political_violence,13,4
2016-11-01,2016,11,November,West Bank,Hebron,PS0150,political_violence,2,0
2016-11-01,2016,11,November,West Bank,Tulkarm,PS0110,political_violence,2,0
2016-11-01,2016,11,November,West Bank,Tubas,PS0105,political_violence,0,0
2016-12-01,2016,12,December,West Bank,Jenin,PS0101,political_violence,1,0
2016-12-01,2016,12,December,West Bank,Jericho,PS0135,political_violence,0,0
2016-12-01,2016,12,December,West Bank,Qalqilya,PS0120,political_violence,3,0
2016-12-01,2016,12,December,West Bank,Salfit,PS0125,political_violence,1,1
2016-12-01,2016,12,December,West Bank,Nablus,PS0115,political_violence,4,0
2016-12-01,2016,12,December,West Bank,Ramallah and Al Bireh,PS0130,political_violence,5,1
2016-12-01,2016,12,December,West Bank,Bethlehem,PS0145,political_violence,4,0
2016-12-01,2016,12,December,West Bank,Al Quds,PS0140,political_violence,10,2
2016-12-01,2016,12,December,West Bank,Hebron,PS0150,political_violence,4,0
2016-12-01,2016,12,December,West Bank,Tulkarm,PS0110,political_violence,1,0
2016-12-01,2016,12,December,West Bank,Tubas,PS0105,political_violence,0,0
2017-01-01,2017,1,January,West Bank,Jenin,PS0101,political_violence,6,1
2017-01-01,2017,1,January,West Bank,Jericho,PS0135,political_violence,0,0
2017-01-01,2017,1,January,West Bank,Qalqilya,PS0120,political_violence,1,0
2017-01-01,2017,1,January,West Bank,Salfit,PS0125,political_violence,1,0
2017-01-01,2017,1,January,West Bank,Nablus,PS0115,political_violence,5,0
2017-01-01,2017,1,January,West Bank,Ramallah and Al Bireh,PS0130,political_violence,8,0
2017-01-01,2017,1,January,West Bank,Bethlehem,PS0145,political_violence,4,1
2017-01-01,2017,1,January,West Bank,Al Quds,PS0140,political_violence,7,6
2017-01-01,2017,1,January,West Bank,Hebron,PS0150,political_violence,3,1
2017-01-01,2017,1,January,West Bank,Tulkarm,PS0110,political_violence,4,1
2017-01-01,2017,1,January,West Bank,Tubas,PS0105,political_violence,2,2
2017-02-01,2017,2,February,West Bank,Jenin,PS0101,political_violence,1,0
2017-02-01,2017,2,February,West Bank,Jericho,PS0135,political_violence,0,0
2017-02-01,2017,2,February,West Bank,Qalqilya,PS0120,political_violence,2,0
2017-02-01,2017,2,February,West Bank,Salfit,PS0125,political_violence,2,0
2017-02-01,2017,2,February,West Bank,Nablus,PS0115,political_violence,6,0
2017-02-01,2017,2,February,West Bank,Ramallah and Al Bireh,PS0130,political_violence,6,1
2017-02-01,2017,2,February,West Bank,Bethlehem,PS0145,political_violence,6,1
2017-02-01,2017,2,February,West Bank,Al Quds,PS0140,political_violence,8,0
2017-02-01,2017,2,February,West Bank,Hebron,PS0150,political_violence,3,0
2017-02-01,2017,2,February,West Bank,Tulkarm,PS0110,political_violence,0,0
2017-02-01,2017,2,February,West Bank,Tubas,PS0105,political_violence,1,0
2017-03-01,2017,3,March,West Bank,Jenin,PS0101,political_violence,6,0
2017-03-01,2017,3,March,West Bank,Jericho,PS0135,political_violence,0,0
2017-03-01,2017,3,March,West Bank,Qalqilya,PS0120,political_violence,2,0
2017-03-01,2017,3,March,West Bank,Salfit,PS0125,political_violence,0,0
2017-03-01,2017,3,March,West Bank,Nablus,PS0115,political_violence,7,2
2017-03-01,2017,3,March,West Bank,Ramallah and Al Bireh,PS0130,political_violence,8,3
2017-03-01,2017,3,March,West Bank,Bethlehem,PS0145,political_violence,4,1
2017-03-01,2017,3,March,West Bank,Al Quds,PS0140,political_violence,12,2
2017-03-01,2017,3,March,West Bank,Hebron,PS0150,political_violence,6,2
2017-03-01,2017,3,March,West Bank,Tulkarm,PS0110,political_violence,0,0
2017-03-01,2017,3,March,West Bank,Tubas,PS0105,political_violence,1,0
2017-04-01,2017,4,April,West Bank,Jenin,PS0101,political_violence,6,0
2017-04-01,2017,4,April,West Bank,Jericho,PS0135,political_violence,0,0
2017-04-01,2017,4,April,West Bank,Qalqilya,PS0120,political_violence,3,0
2017-04-01,2017,4,April,West Bank,Salfit,PS0125,political_violence,1,0
2017-04-01,2017,4,April,West Bank,Nablus,PS0115,political_violence,13,0
2017-04-01,2017,4,April,West Bank,Ramallah and Al Bireh,PS0130,political_violence,8,1
2017-04-01,2017,4,April,West Bank,Bethlehem,PS0145,political_violence,3,1
2017-04-01,2017,4,April,West Bank,Al Quds,PS0140,political_violence,14,1
2017-04-01,2017,4,April,West Bank,Hebron,PS0150,political_violence,7,0
2017-04-01,2017,4,April,West Bank,Tulkarm,PS0110,political_violence,1,0
2017-04-01,2017,4,April,West Bank,Tubas,PS0105,political_violence,1,0
2017-05-01,2017,5,May,West Bank,Jenin,PS0101,political_violence,4,0
2017-05-01,2017,5,May,West Bank,Jericho,PS0135,political_violence,2,0
2017-05-01,2017,5,May,West Bank,Qalqilya,PS0120,political_violence,5,0
2017-05-01,2017,5,May,West Bank,Salfit,PS0125,political_violence,0,0
2017-05-01,2017,5,May,West Bank,Nablus,PS0115,political_violence,14,0
2017-05-01,2017,5,May,West Bank,Ramallah and Al Bireh,PS0130,political_violence,12,1
2017-05-01,2017,5,May,West Bank,Bethlehem,PS0145,political_violence,4,1
2017-05-01,2017,5,May,West Bank,Al Quds,PS0140,political_violence,15,4
2017-05-01,2017,5,May,West Bank,Hebron,PS0150,political_violence,9,0
2017-05-01,2017,5,May,West Bank,Tulkarm,PS0110,political_violence,0,0
2017-05-01,2017,5,May,West Bank,Tubas,PS0105,political_violence,0,0
2017-06-01,2017,6,June,West Bank,Jenin,PS0101,political_violence,4,1
2017-06-01,2017,6,June,West Bank,Jericho,PS0135,political_violence,0,0
2017-06-01,2017,6,June,West Bank,Qalqilya,PS0120,political_violence,2,0
2017-06-01,2017,6,June,West Bank,Salfit,PS0125,political_violence,0,0
2017-06-01,2017,6,June,West Bank,Nablus,PS0115,political_violence,8,0
2017-06-01,2017,6,June,West Bank,Ramallah and Al Bireh,PS0130,political_violence,12,0
2017-06-01,2017,6,June,West Bank,Bethlehem,PS0145,political_violence,3,0
2017-06-01,2017,6,June,West Bank,Al Quds,PS0140,political_violence,16,8
2017-06-01,2017,6,June,West Bank,Hebron,PS0150,political_violence,8,1
2017-06-01,2017,6,June,West Bank,Tulkarm,PS0110,political_violence,1,0
2017-06-01,2017,6,June,West Bank,Tubas,PS0105,political_violence,0,0
2017-07-01,2017,7,July,West Bank,Jenin,PS0101,political_violence,4,2
2017-07-01,2017,7,July,West Bank,Jericho,PS0135,political_violence,0,0
2017-07-01,2017,7,July,West Bank,Qalqilya,PS0120,political_violence,4,0
2017-07-01,2017,7,July,West Bank,Salfit,PS0125,political_violence,2,0
2017-07-01,2017,7,July,West Bank,Nablus,PS0115,political_violence,8,0
2017-07-01,2017,7,July,West Bank,Ramallah and Al Bireh,PS0130,political_violence,12,4
2017-07-01,2017,7,July,West Bank,Bethlehem,PS0145,political_violence,14,4
2017-07-01,2017,7,July,West Bank,Al Quds,PS0140,political_violence,36,10
2017-07-01,2017,7,July,West Bank,Hebron,PS0150,political_violence,18,2
2017-07-01,2017,7,July,West Bank,Tulkarm,PS0110,political_violence,2,0
2017-07-01,2017,7,July,West Bank,Tubas,PS0105,political_violence,1,0
2017-08-01,2017,8,August,West Bank,Jenin,PS0101,political_violence,3,0
2017-08-01,2017,8,August,West Bank,Jericho,PS0135,political_violence,2,0
2017-08-01,2017,8,August,West Bank,Qalqilya,PS0120,political_violence,2,0
2017-08-01,2017,8,August,West Bank,Salfit,PS0125,political_violence,0,0
2017-08-01,2017,8,August,West Bank,Nablus,PS0115,political_violence,6,2
2017-08-01,2017,8,August,West Bank,Ramallah and Al Bireh,PS0130,political_violence,11,0
2017-08-01,2017,8,August,West Bank,Bethlehem,PS0145,political_violence,5,1
2017-08-01,2017,8,August,West Bank,Al Quds,PS0140,political_violence,9,0
2017-08-01,2017,8,August,West Bank,Hebron,PS0150,political_violence,7,0
2017-08-01,2017,8,August,West Bank,Tulkarm,PS0110,political_violence,0,0
2017-08-01,2017,8,August,West Bank,Tubas,PS0105,political_violence,0,0
2017-09-01,2017,9,September,West Bank,Jenin,PS0101,political_violence,2,0
2017-09-01,2017,9,September,West Bank,Jericho,PS0135,political_violence,0,0
2017-09-01,2017,9,September,West Bank,Qalqilya,PS0120,political_violence,2,0
2017-09-01,2017,9,September,West Bank,Salfit,PS0125,political_violence,0,0
2017-09-01,2017,9,September,West Bank,Nablus,PS0115,political_violence,10,0
2017-09-01,2017,9,September,West Bank,Ramallah and Al Bireh,PS0130,political_violence,4,0
2017-09-01,2017,9,September,West Bank,Bethlehem,PS0145,political_violence,6,0
2017-09-01,2017,9,September,West Bank,Al Quds,PS0140,political_violence,8,4
2017-09-01,2017,9,September,West Bank,Hebron,PS0150,political_violence,14,0
2017-09-01,2017,9,September,West Bank,Tulkarm,PS0110,political_violence,2,0
2017-09-01,2017,9,September,West Bank,Tubas,PS0105,political_violence,2,0
2017-10-01,2017,10,October,West Bank,Jenin,PS0101,political_violence,5,0
2017-10-01,2017,10,October,West Bank,Jericho,PS0135,political_violence,0,0
2017-10-01,2017,10,October,West Bank,Qalqilya,PS0120,political_violence,2,0
2017-10-01,2017,10,October,West Bank,Salfit,PS0125,political_violence,0,0
2017-10-01,2017,10,October,West Bank,Nablus,PS0115,political_violence,7,0
2017-10-01,2017,10,October,West Bank,Ramallah and Al Bireh,PS0130,political_violence,3,1
2017-10-01,2017,10,October,West Bank,Bethlehem,PS0145,political_violence,4,0
2017-10-01,2017,10,October,West Bank,Al Quds,PS0140,political_violence,7,0
2017-10-01,2017,10,October,West Bank,Hebron,PS0150,political_violence,12,0
2017-10-01,2017,10,October,West Bank,Tulkarm,PS0110,political_violence,0,0
2017-10-01,2017,10,October,West Bank,Tubas,PS0105,political_violence,0,0
2017-11-01,2017,11,November,West Bank,Jenin,PS0101,political_violence,0,0
2017-11-01,2017,11,November,West Bank,Jericho,PS0135,political_violence,0,0
2017-11-01,2017,11,November,West Bank,Qalqilya,PS0120,political_violence,2,0
2017-11-01,2017,11,November,West Bank,Salfit,PS0125,political_violence,0,0
2017-11-01,2017,11,November,West Bank,Nablus,PS0115,political_violence,9,1
2017-11-01,2017,11,November,West Bank,Ramallah and Al Bireh,PS0130,political_violence,1,0
2017-11-01,2017,11,November,West Bank,Bethlehem,PS0145,political_violence,4,0
2017-11-01,2017,11,November,West Bank,Al Quds,PS0140,political_violence,4,0
2017-11-01,2017,11,November,West Bank,Hebron,PS0150,political_violence,6,0
2017-11-01,2017,11,November,West Bank,Tulkarm,PS0110,political_violence,0,0
2017-11-01,2017,11,November,West Bank,Tubas,PS0105,political_violence,1,0
2017-12-01,2017,12,December,West Bank,Jenin,PS0101,political_violence,6,0
2017-12-01,2017,12,December,West Bank,Jericho,PS0135,political_violence,4,1
2017-12-01,2017,12,December,West Bank,Qalqilya,PS0120,political_violence,9,0
2017-12-01,2017,12,December,West Bank,Salfit,PS0125,political_violence,7,0
2017-12-01,2017,12,December,West Bank,Nablus,PS0115,political_violence,33,0
2017-12-01,2017,12,December,West Bank,Ramallah and Al Bireh,PS0130,political_violence,25,1
2017-12-01,2017,12,December,West Bank,Bethlehem,PS0145,political_violence,8,0
2017-12-01,2017,12,December,West Bank,Al Quds,PS0140,political_violence,32,0
2017-12-01,2017,12,December,West Bank,Hebron,PS0150,political_violence,29,0
2017-12-01,2017,12,December,West Bank,Tulkarm,PS0110,political_violence,3,0
2017-12-01,2017,12,December,West Bank,Tubas,PS0105,political_violence,1,0
2018-01-01,2018,1,January,West Bank,Jenin,PS0101,political_violence,19,2
2018-01-01,2018,1,January,West Bank,Jericho,PS0135,political_violence,11,0
2018-01-01,2018,1,January,West Bank,Qalqilya,PS0120,political_violence,29,1
2018-01-01,2018,1,January,West Bank,Salfit,PS0125,political_violence,13,0
2018-01-01,2018,1,January,West Bank,Nablus,PS0115,political_violence,68,4
2018-01-01,2018,1,January,West Bank,Ramallah and Al Bireh,PS0130,political_violence,58,2
2018-01-01,2018,1,January,West Bank,Bethlehem,PS0145,political_violence,25,1
2018-01-01,2018,1,January,West Bank,Al Quds,PS0140,political_violence,68,0
2018-01-01,2018,1,January,West Bank,Hebron,PS0150,political_violence,35,0
2018-01-01,2018,1,January,West Bank,Tulkarm,PS0110,political_violence,3,0
2018-01-01,2018,1,January,West Bank,Tubas,PS0105,political_violence,0,0
2018-02-01,2018,2,February,West Bank,Jenin,PS0101,political_violence,16,2
2018-02-01,2018,2,February,West Bank,Jericho,PS0135,political_violence,10,1
2018-02-01,2018,2,February,West Bank,Qalqilya,PS0120,political_violence,27,0
2018-02-01,2018,2,February,West Bank,Salfit,PS0125,political_violence,23,1
2018-02-01,2018,2,February,West Bank,Nablus,PS0115,political_violence,56,1
2018-02-01,2018,2,February,West Bank,Ramallah and Al Bireh,PS0130,political_violence,74,0
2018-02-01,2018,2,February,West Bank,Bethlehem,PS0145,political_violence,29,0
2018-02-01,2018,2,February,West Bank,Al Quds,PS0140,political_violence,51,0
2018-02-01,2018,2,February,West Bank,Hebron,PS0150,political_violence,36,1
2018-02-01,2018,2,February,West Bank,Tulkarm,PS0110,political_violence,6,1
2018-02-01,2018,2,February,West Bank,Tubas,PS0105,political_violence,3,0
2018-03-01,2018,3,March,West Bank,Jenin,PS0101,political_violence,7,2
2018-03-01,2018,3,March,West Bank,Jericho,PS0135,political_violence,6,0
2018-03-01,2018,3,March,West Bank,Qalqilya,PS0120,political_violence,22,0
2018-03-01,2018,3,March,West Bank,Salfit,PS0125,political_violence,1,0
2018-03-01,2018,3,March,West Bank,Nablus,PS0115,political_violence,36,1
2018-03-01,2018,3,March,West Bank,Ramallah and Al Bireh,PS0130,political_violence,51,0
2018-03-01,2018,3,March,West Bank,Bethlehem,PS0145,political_violence,18,0
2018-03-01,2018,3,March,West Bank,Al Quds,PS0140,political_violence,41,2
2018-03-01,2018,3,March,West Bank,Hebron,PS0150,political_violence,39,1
2018-03-01,2018,3,March,West Bank,Tulkarm,PS0110,political_violence,2,0
2018-03-01,2018,3,March,West Bank,Tubas,PS0105,political_violence,1,0
2018-04-01,2018,4,April,West Bank,Jenin,PS0101,political_violence,10,0
2018-04-01,2018,4,April,West Bank,Jericho,PS0135,political_violence,5,0
2018-04-01,2018,4,April,West Bank,Qalqilya,PS0120,political_violence,14,0
2018-04-01,2018,4,April,West Bank,Salfit,PS0125,political_violence,6,1
2018-04-01,2018,4,April,West Bank,Nablus,PS0115,political_violence,44,0
2018-04-01,2018,4,April,West Bank,Ramallah and Al Bireh,PS0130,political_violence,51,1
2018-04-01,2018,4,April,West Bank,Bethlehem,PS0145,political_violence,20,0
2018-04-01,2018,4,April,West Bank,Al Quds,PS0140,political_violence,33,1
2018-04-01,2018,4,April,West Bank,Hebron,PS0150,political_violence,29,0
2018-04-01,2018,4,April,West Bank,Tulkarm,PS0110,political_violence,2,1
2018-04-01,2018,4,April,West Bank,Tubas,PS0105,political_violence,1,0
2018-05-01,2018,5,May,West Bank,Jenin,PS0101,political_violence,3,0
2018-05-01,2018,5,May,West Bank,Jericho,PS0135,political_violence,5,0
2018-05-01,2018,5,May,West Bank,Qalqilya,PS0120,political_violence,9,0
2018-05-01,2018,5,May,West Bank,Salfit,PS0125,political_violence,6,0
2018-05-01,2018,5,May,West Bank,Nablus,PS0115,political_violence,33,0
2018-05-01,2018,5,May,West Bank,Ramallah and Al Bireh,PS0130,political_violence,29,1
2018-05-01,2018,5,May,West Bank,Bethlehem,PS0145,political_violence,15,0
2018-05-01,2018,5,May,West Bank,Al Quds,PS0140,political_violence,43,0
2018-05-01,2018,5,May,West Bank,Hebron,PS0150,political_violence,37,0
2018-05-01,2018,5,May,West Bank,Tulkarm,PS0110,political_violence,3,0
2018-05-01,2018,5,May,West Bank,Tubas,PS0105,political_violence,1,0
2018-06-01,2018,6,June,West Bank,Jenin,PS0101,political_violence,9,0
2018-06-01,2018,6,June,West Bank,Jericho,PS0135,political_violence,1,0
2018-06-01,2018,6,June,West Bank,Qalqilya,PS0120,political_violence,13,0
2018-06-01,2018,6,June,West Bank,Salfit,PS0125,political_violence,2,0
2018-06-01,2018,6,June,West Bank,Nablus,PS0115,political_violence,33,0
2018-06-01,2018,6,June,West Bank,Ramallah and Al Bireh,PS0130,political_violence,30,0
2018-06-01,2018,6,June,West Bank,Bethlehem,PS0145,political_violence,21,0
2018-06-01,2018,6,June,West Bank,Al Quds,PS0140,political_violence,27,0
2018-06-01,2018,6,June,West Bank,Hebron,PS0150,political_violence,39,2
2018-06-01,2018,6,June,West Bank,Tulkarm,PS0110,political_violence,6,0
2018-06-01,2018,6,June,West Bank,Tubas,PS0105,political_violence,1,0
2018-07-01,2018,7,July,West Bank,Jenin,PS0101,political_violence,6,0
2018-07-01,2018,7,July,West Bank,Jericho,PS0135,political_violence,0,0
2018-07-01,2018,7,July,West Bank,Qalqilya,PS0120,political_violence,9,0
2018-07-01,2018,7,July,West Bank,Salfit,PS0125,political_violence,2,0
2018-07-01,2018,7,July,West Bank,Nablus,PS0115,political_violence,26,0
2018-07-01,2018,7,July,West Bank,Ramallah and Al Bireh,PS0130,political_violence,35,0
2018-07-01,2018,7,July,West Bank,Bethlehem,PS0145,political_violence,11,1
2018-07-01,2018,7,July,West Bank,Al Quds,PS0140,political_violence,30,2
2018-07-01,2018,7,July,West Bank,Hebron,PS0150,political_violence,28,0
2018-07-01,2018,7,July,West Bank,Tulkarm,PS0110,political_violence,3,0
2018-07-01,2018,7,July,West Bank,Tubas,PS0105,political_violence,1,0
2018-08-01,2018,8,August,West Bank,Jenin,PS0101,political_violence,14,0
2018-08-01,2018,8,August,West Bank,Jericho,PS0135,political_violence,3,0
2018-08-01,2018,8,August,West Bank,Qalqilya,PS0120,political_violence,7,0
2018-08-01,2018,8,August,West Bank,Salfit,PS0125,political_violence,10,0
2018-08-01,2018,8,August,West Bank,Nablus,PS0115,political_violence,42,0
2018-08-01,2018,8,August,West Bank,Ramallah and Al Bireh,PS0130,political_violence,48,1
2018-08-01,2018,8,August,West Bank,Bethlehem,PS0145,political_violence,17,0
2018-08-01,2018,8,August,West Bank,Al Quds,PS0140,political_violence,34,1
2018-08-01,2018,8,August,West Bank,Hebron,PS0150,political_violence,27,0
2018-08-01,2018,8,August,West Bank,Tulkarm,PS0110,political_violence,4,0
2018-08-01,2018,8,August,West Bank,Tubas,PS0105,political_violence,2,0
2018-09-01,2018,9,September,West Bank,Jenin,PS0101,political_violence,16,0
2018-09-01,2018,9,September,West Bank,Jericho,PS0135,political_violence,5,0
2018-09-01,2018,9,September,West Bank,Qalqilya,PS0120,political_violence,24,0
2018-09-01,2018,9,September,West Bank,Salfit,PS0125,political_violence,0,0
2018-09-01,2018,9,September,West Bank,Nablus,PS0115,political_violence,30,0
2018-09-01,2018,9,September,West Bank,Ramallah and Al Bireh,PS0130,political_violence,26,1
2018-09-01,2018,9,September,West Bank,Bethlehem,PS0145,political_violence,25,1
2018-09-01,2018,9,September,West Bank,Al Quds,PS0140,political_violence,41,1
2018-09-01,2018,9,September,West Bank,Hebron,PS0150,political_violence,40,1
2018-09-01,2018,9,September,West Bank,Tulkarm,PS0110,political_violence,2,0
2018-09-01,2018,9,September,West Bank,Tubas,PS0105,political_violence,0,0
2018-10-01,2018,10,October,West Bank,Jenin,PS0101,political_violence,2,0
2018-10-01,2018,10,October,West Bank,Jericho,PS0135,political_violence,0,0
2018-10-01,2018,10,October,West Bank,Qalqilya,PS0120,political_violence,35,0
2018-10-01,2018,10,October,West Bank,Salfit,PS0125,political_violence,16,4
2018-10-01,2018,10,October,West Bank,Nablus,PS0115,political_violence,42,0
2018-10-01,2018,10,October,West Bank,Ramallah and Al Bireh,PS0130,political_violence,39,2
2018-10-01,2018,10,October,West Bank,Bethlehem,PS0145,political_violence,18,0
2018-10-01,2018,10,October,West Bank,Al Quds,PS0140,political_violence,54,1
2018-10-01,2018,10,October,West Bank,Hebron,PS0150,political_violence,35,1
2018-10-01,2018,10,October,West Bank,Tulkarm,PS0110,political_violence,19,0
2018-10-01,2018,10,October,West Bank,Tubas,PS0105,political_violence,3,2
2018-11-01,2018,11,November,West Bank,Jenin,PS0101,political_violence,10,0
2018-11-01,2018,11,November,West Bank,Jericho,PS0135,political_violence,2,0
2018-11-01,2018,11,November,West Bank,Qalqilya,PS0120,political_violence,16,0
2018-11-01,2018,11,November,West Bank,Salfit,PS0125,political_violence,5,0
2018-11-01,2018,11,November,West Bank,Nablus,PS0115,political_violence,55,0
2018-11-01,2018,11,November,West Bank,Ramallah and Al Bireh,PS0130,political_violence,56,0
2018-11-01,2018,11,November,West Bank,Bethlehem,PS0145,political_violence,23,0
2018-11-01,2018,11,November,West Bank,Al Quds,PS0140,political_violence,35,1
2018-11-01,2018,11,November,West Bank,Hebron,PS0150,political_violence,43,1
2018-11-01,2018,11,November,West Bank,Tulkarm,PS0110,political_violence,11,0
2018-11-01,2018,11,November,West Bank,Tubas,PS0105,political_violence,0,0
2018-12-01,2018,12,December,West Bank,Jenin,PS0101,political_violence,12,0
2018-12-01,2018,12,December,West Bank,Jericho,PS0135,political_violence,3,0
2018-12-01,2018,12,December,West Bank,Qalqilya,PS0120,political_violence,20,0
2018-12-01,2018,12,December,West Bank,Salfit,PS0125,political_violence,14,0
2018-12-01,2018,12,December,West Bank,Nablus,PS0115,political_violence,79,1
2018-12-01,2018,12,December,West Bank,Ramallah and Al Bireh,PS0130,political_violence,100,6
2018-12-01,2018,12,December,West Bank,Bethlehem,PS0145,political_violence,43,0
2018-12-01,2018,12,December,West Bank,Al Quds,PS0140,political_violence,58,1
2018-12-01,2018,12,December,West Bank,Hebron,PS0150,political_violence,46,1
2018-12-01,2018,12,December,West Bank,Tulkarm,PS0110,political_violence,13,1
2018-12-01,2018,12,December,West Bank,Tubas,PS0105,political_violence,2,0
2019-01-01,2019,1,January,West Bank,Jenin,PS0101,political_violence,17,0
2019-01-01,2019,1,January,West Bank,Jericho,PS0135,political_violence,2,0
2019-01-01,2019,1,January,West Bank,Qalqilya,PS0120,political_violence,19,0
2019-01-01,2019,1,January,West Bank,Salfit,PS0125,political_violence,14,0
2019-01-01,2019,1,January,West Bank,Nablus,PS0115,political_violence,30,1
2019-01-01,2019,1,January,West Bank,Ramallah and Al Bireh,PS0130,political_violence,62,2
2019-01-01,2019,1,January,West Bank,Bethlehem,PS0145,political_violence,37,0
2019-01-01,2019,1,January,West Bank,Al Quds,PS0140,political_violence,37,3
2019-01-01,2019,1,January,West Bank,Hebron,PS0150,political_violence,32,1
2019-01-01,2019,1,January,West Bank,Tulkarm,PS0110,political_violence,3,0
2019-01-01,2019,1,January,West Bank,Tubas,PS0105,political_violence,4,0
2019-02-01,2019,2,February,West Bank,Jenin,PS0101,political_violence,14,1
2019-02-01,2019,2,February,West Bank,Jericho,PS0135,political_violence,1,0
2019-02-01,2019,2,February,West Bank,Qalqilya,PS0120,political_violence,15,0
2019-02-01,2019,2,February,West Bank,Salfit,PS0125,political_violence,7,0
2019-02-01,2019,2,February,West Bank,Nablus,PS0115,political_violence,28,0
2019-02-01,2019,2,February,West Bank,Ramallah and Al Bireh,PS0130,political_violence,41,0
2019-02-01,2019,2,February,West Bank,Bethlehem,PS0145,political_violence,23,0
2019-02-01,2019,2,February,West Bank,Al Quds,PS0140,political_violence,44,0
2019-02-01,2019,2,February,West Bank,Hebron,PS0150,political_violence,43,0
2019-02-01,2019,2,February,West Bank,Tulkarm,PS0110,political_violence,4,0
2019-02-01,2019,2,February,West Bank,Tubas,PS0105,political_violence,3,0
2019-03-01,2019,3,March,West Bank,Jenin,PS0101,political_violence,6,0
2019-03-01,2019,3,March,West Bank,Jericho,PS0135,political_violence,2,1
2019-03-01,2019,3,March,West Bank,Qalqilya,PS0120,political_violence,20,0
2019-03-01,2019,3,March,West Bank,Salfit,PS0125,political_violence,21,3
2019-03-01,2019,3,March,West Bank,Nablus,PS0115,political_violence,34,4
2019-03-01,2019,3,March,West Bank,Ramallah and Al Bireh,PS0130,political_violence,54,3
2019-03-01,2019,3,March,West Bank,Bethlehem,PS0145,political_violence,25,4
2019-03-01,2019,3,March,West Bank,Al Quds,PS0140,political_violence,37,0
2019-03-01,2019,3,March,West Bank,Hebron,PS0150,political_violence,30,1
2019-03-01,2019,3,March,West Bank,Tulkarm,PS0110,political_violence,0,0
2019-03-01,2019,3,March,West Bank,Tubas,PS0105,political_violence,3,0
2019-04-01,2019,4,April,West Bank,Jenin,PS0101,political_violence,16,0
2019-04-01,2019,4,April,West Bank,Jericho,PS0135,political_violence,5,0
2019-04-01,2019,4,April,West Bank,Qalqilya,PS0120,political_violence,29,0
2019-04-01,2019,4,April,West Bank,Salfit,PS0125,political_violence,6,1
2019-04-01,2019,4,April,West Bank,Nablus,PS0115,political_violence,20,1
2019-04-01,2019,4,April,West Bank,Ramallah and Al Bireh,PS0130,political_violence,51,0
2019-04-01,2019,4,April,West Bank,Bethlehem,PS0145,political_violence,15,1
2019-04-01,2019,4,April,West Bank,Al Quds,PS0140,political_violence,50,1
2019-04-01,2019,4,April,West Bank,Hebron,PS0150,political_violence,36,0
2019-04-01,2019,4,April,West Bank,Tulkarm,PS0110,political_violence,1,0
2019-04-01,2019,4,April,West Bank,Tubas,PS0105,political_violence,2,0
2019-05-01,2019,5,May,West Bank,Jenin,PS0101,political_violence,9,0
2019-05-01,2019,5,May,West Bank,Jericho,PS0135,political_violence,1,0
2019-05-01,2019,5,May,West Bank,Qalqilya,PS0120,political_violence,10,1
2019-05-01,2019,5,May,West Bank,Salfit,PS0125,political_violence,5,0
2019-05-01,2019,5,May,West Bank,Nablus,PS0115,political_violence,24,0
2019-05-01,2019,5,May,West Bank,Ramallah and Al Bireh,PS0130,political_violence,14,0
2019-05-01,2019,5,May,West Bank,Bethlehem,PS0145,political_violence,12,0
2019-05-01,2019,5,May,West Bank,Al Quds,PS0140,political_violence,27,1
2019-05-01,2019,5,May,West Bank,Hebron,PS0150,political_violence,30,0
2019-05-01,2019,5,May,West Bank,Tulkarm,PS0110,political_violence,7,0
2019-05-01,2019,5,May,West Bank,Tubas,PS0105,political_violence,2,0
2019-06-01,2019,6,June,West Bank,Jenin,PS0101,political_violence,8,0
2019-06-01,2019,6,June,West Bank,Jericho,PS0135,political_violence,2,0
2019-06-01,2019,6,June,West Bank,Qalqilya,PS0120,political_violence,12,0
2019-06-01,2019,6,June,West Bank,Salfit,PS0125,political_violence,7,0
2019-06-01,2019,6,June,West Bank,Nablus,PS0115,political_violence,14,0
2019-06-01,2019,6,June,West Bank,Ramallah and Al Bireh,PS0130,political_violence,24,0
2019-06-01,2019,6,June,West Bank,Bethlehem,PS0145,political_violence,1,0
2019-06-01,2019,6,June,West Bank,Al Quds,PS0140,political_violence,46,1
2019-06-01,2019,6,June,West Bank,Hebron,PS0150,political_violence,30,0
2019-06-01,2019,6,June,West Bank,Tulkarm,PS0110,political_violence,5,0
2019-06-01,2019,6,June,West Bank,Tubas,PS0105,political_violence,0,0
2019-07-01,2019,7,July,West Bank,Jenin,PS0101,political_violence,12,0
2019-07-01,2019,7,July,West Bank,Jericho,PS0135,political_violence,1,0
2019-07-01,2019,7,July,West Bank,Qalqilya,PS0120,political_violence,6,0
2019-07-01,2019,7,July,West Bank,Salfit,PS0125,political_violence,7,0
2019-07-01,2019,7,July,West Bank,Nablus,PS0115,political_violence,20,1
2019-07-01,2019,7,July,West Bank,Ramallah and Al Bireh,PS0130,political_violence,23,0
2019-07-01,2019,7,July,West Bank,Bethlehem,PS0145,political_violence,4,0
2019-07-01,2019,7,July,West Bank,Al Quds,PS0140,political_violence,39,0
2019-07-01,2019,7,July,West Bank,Hebron,PS0150,political_violence,22,2
2019-07-01,2019,7,July,West Bank,Tulkarm,PS0110,political_violence,5,0
2019-07-01,2019,7,July,West Bank,Tubas,PS0105,political_violence,1,0
2019-08-01,2019,8,August,West Bank,Jenin,PS0101,political_violence,6,0
2019-08-01,2019,8,August,West Bank,Jericho,PS0135,political_violence,2,0
2019-08-01,2019,8,August,West Bank,Qalqilya,PS0120,political_violence,8,0
2019-08-01,2019,8,August,West Bank,Salfit,PS0125,political_violence,6,0
2019-08-01,2019,8,August,West Bank,Nablus,PS0115,political_violence,26,0
2019-08-01,2019,8,August,West Bank,Ramallah and Al Bireh,PS0130,political_violence,41,1
2019-08-01,2019,8,August,West Bank,Bethlehem,PS0145,political_violence,9,1
2019-08-01,2019,8,August,West Bank,Al Quds,PS0140,political_violence,52,1
2019-08-01,2019,8,August,West Bank,Hebron,PS0150,political_violence,29,1
2019-08-01,2019,8,August,West Bank,Tulkarm,PS0110,political_violence,4,0
2019-08-01,2019,8,August,West Bank,Tubas,PS0105,political_violence,1,0
2019-09-01,2019,9,September,West Bank,Jenin,PS0101,political_violence,8,0
2019-09-01,2019,9,September,West Bank,Jericho,PS0135,political_violence,1,0
2019-09-01,2019,9,September,West Bank,Qalqilya,PS0120,political_violence,21,0
2019-09-01,2019,9,September,West Bank,Salfit,PS0125,political_violence,4,0
2019-09-01,2019,9,September,West Bank,Nablus,PS0115,political_violence,22,0
2019-09-01,2019,9,September,West Bank,Ramallah and Al Bireh,PS0130,political_violence,55,0
2019-09-01,2019,9,September,West Bank,Bethlehem,PS0145,political_violence,7,0
2019-09-01,2019,9,September,West Bank,Al Quds,PS0140,political_violence,37,1
2019-09-01,2019,9,September,West Bank,Hebron,PS0150,political_violence,27,0
2019-09-01,2019,9,September,West Bank,Tulkarm,PS0110,political_violence,4,0
2019-09-01,2019,9,September,West Bank,Tubas,PS0105,political_violence,1,0
2019-10-01,2019,10,October,West Bank,Jenin,PS0101,political_violence,20,0
2019-10-01,2019,10,October,West Bank,Jericho,PS0135,political_violence,4,0
2019-10-01,2019,10,October,West Bank,Qalqilya,PS0120,political_violence,14,0
2019-10-01,2019,10,October,West Bank,Salfit,PS0125,political_violence,8,0
2019-10-01,2019,10,October,West Bank,Nablus,PS0115,political_violence,33,1
2019-10-01,2019,10,October,West Bank,Ramallah and Al Bireh,PS0130,political_violence,35,0
2019-10-01,2019,10,October,West Bank,Bethlehem,PS0145,political_violence,15,0
2019-10-01,2019,10,October,West Bank,Al Quds,PS0140,political_violence,23,0
2019-10-01,2019,10,October,West Bank,Hebron,PS0150,political_violence,30,0
2019-10-01,2019,10,October,West Bank,Tulkarm,PS0110,political_violence,13,1
2019-10-01,2019,10,October,West Bank,Tubas,PS0105,political_violence,1,0
2019-11-01,2019,11,November,West Bank,Jenin,PS0101,political_violence,12,0
2019-11-01,2019,11,November,West Bank,Jericho,PS0135,political_violence,1,0
2019-11-01,2019,11,November,West Bank,Qalqilya,PS0120,political_violence,19,0
2019-11-01,2019,11,November,West Bank,Salfit,PS0125,political_violence,9,0
2019-11-01,2019,11,November,West Bank,Nablus,PS0115,political_violence,30,0
2019-11-01,2019,11,November,West Bank,Ramallah and Al Bireh,PS0130,political_violence,31,0
2019-11-01,2019,11,November,West Bank,Bethlehem,PS0145,political_violence,20,0
2019-11-01,2019,11,November,West Bank,Al Quds,PS0140,political_violence,31,1
2019-11-01,2019,11,November,West Bank,Hebron,PS0150,political_violence,58,2
2019-11-01,2019,11,November,West Bank,Tulkarm,PS0110,political_violence,9,0
2019-11-01,2019,11,November,West Bank,Tubas,PS0105,political_violence,1,0
2019-12-01,2019,12,December,West Bank,Jenin,PS0101,political_violence,9,0
2019-12-01,2019,12,December,West Bank,Jericho,PS0135,political_violence,5,0
2019-12-01,2019,12,December,West Bank,Qalqilya,PS0120,political_violence,26,0
2019-12-01,2019,12,December,West Bank,Salfit,PS0125,political_violence,2,0
2019-12-01,2019,12,December,West Bank,Nablus,PS0115,political_violence,16,0
2019-12-01,2019,12,December,West Bank,Ramallah and Al Bireh,PS0130,political_violence,33,0
2019-12-01,2019,12,December,West Bank,Bethlehem,PS0145,political_violence,14,1
2019-12-01,2019,12,December,West Bank,Al Quds,PS0140,political_violence,39,0
2019-12-01,2019,12,December,West Bank,Hebron,PS0150,political_violence,44,1
2019-12-01,2019,12,December,West Bank,Tulkarm,PS0110,political_violence,6,0
2019-12-01,2019,12,December,West Bank,Tubas,PS0105,political_violence,4,0
2020-01-01,2020,1,January,West Bank,Jenin,PS0101,political_violence,7,0
2020-01-01,2020,1,January,West Bank,Jericho,PS0135,political_violence,4,0
2020-01-01,2020,1,January,West Bank,Qalqilya,PS0120,political_violence,29,0
2020-01-01,2020,1,January,West Bank,Salfit,PS0125,political_violence,5,0
2020-01-01,2020,1,January,West Bank,Nablus,PS0115,political_violence,22,0
2020-01-01,2020,1,January,West Bank,Ramallah and Al Bireh,PS0130,political_violence,34,0
2020-01-01,2020,1,January,West Bank,Bethlehem,PS0145,political_violence,13,0
2020-01-01,2020,1,January,West Bank,Al Quds,PS0140,political_violence,36,0
2020-01-01,2020,1,January,West Bank,Hebron,PS0150,political_violence,44,0
2020-01-01,2020,1,January,West Bank,Tulkarm,PS0110,political_violence,1,0
2020-01-01,2020,1,January,West Bank,Tubas,PS0105,political_violence,4,0
2020-02-01,2020,2,February,West Bank,Jenin,PS0101,political_violence,14,5
2020-02-01,2020,2,February,West Bank,Jericho,PS0135,political_violence,5,0
2020-02-01,2020,2,February,West Bank,Qalqilya,PS0120,political_violence,28,0
2020-02-01,2020,2,February,West Bank,Salfit,PS0125,political_violence,4,0
2020-02-01,2020,2,February,West Bank,Nablus,PS0115,political_violence,15,0
2020-02-01,2020,2,February,West Bank,Ramallah and Al Bireh,PS0130,political_violence,58,0
2020-02-01,2020,2,February,West Bank,Bethlehem,PS0145,political_violence,31,0
2020-02-01,2020,2,February,West Bank,Al Quds,PS0140,political_violence,43,2
2020-02-01,2020,2,February,West Bank,Hebron,PS0150,political_violence,37,0
2020-02-01,2020,2,February,West Bank,Tulkarm,PS0110,political_violence,5,1
2020-02-01,2020,2,February,West Bank,Tubas,PS0105,political_violence,5,0
2020-03-01,2020,3,March,West Bank,Jenin,PS0101,political_violence,8,0
2020-03-01,2020,3,March,West Bank,Jericho,PS0135,political_violence,1,0
2020-03-01,2020,3,March,West Bank,Qalqilya,PS0120,political_violence,29,0
2020-03-01,2020,3,March,West Bank,Salfit,PS0125,political_violence,8,0
2020-03-01,2020,3,March,West Bank,Nablus,PS0115,political_violence,33,1
2020-03-01,2020,3,March,West Bank,Ramallah and Al Bireh,PS0130,political_violence,51,1
2020-03-01,2020,3,March,West Bank,Bethlehem,PS0145,political_violence,14,0
2020-03-01,2020,3,March,West Bank,Al Quds,PS0140,political_violence,64,0
2020-03-01,2020,3,March,West Bank,Hebron,PS0150,political_violence,35,0
2020-03-01,2020,3,March,West Bank,Tulkarm,PS0110,political_violence,21,0
2020-03-01,2020,3,March,West Bank,Tubas,PS0105,political_violence,2,0
2020-04-01,2020,4,April,West Bank,Jenin,PS0101,political_violence,4,0
2020-04-01,2020,4,April,West Bank,Jericho,PS0135,political_violence,2,0
2020-04-01,2020,4,April,West Bank,Qalqilya,PS0120,political_violence,12,0
2020-04-01,2020,4,April,West Bank,Salfit,PS0125,political_violence,6,0
2020-04-01,2020,4,April,West Bank,Nablus,PS0115,political_violence,15,0
2020-04-01,2020,4,April,West Bank,Ramallah and Al Bireh,PS0130,political_violence,26,0
2020-04-01,2020,4,April,West Bank,Bethlehem,PS0145,political_violence,11,1
2020-04-01,2020,4,April,West Bank,Al Quds,PS0140,political_violence,50,1
2020-04-01,2020,4,April,West Bank,Hebron,PS0150,political_violence,24,0
2020-04-01,2020,4,April,West Bank,Tulkarm,PS0110,political_violence,11,0
2020-04-01,2020,4,April,West Bank,Tubas,PS0105,political_violence,2,0
2020-05-01,2020,5,May,West Bank,Jenin,PS0101,political_violence,15,1
2020-05-01,2020,5,May,West Bank,Jericho,PS0135,political_violence,6,0
2020-05-01,2020,5,May,West Bank,Qalqilya,PS0120,political_violence,21,0
2020-05-01,2020,5,May,West Bank,Salfit,PS0125,political_violence,2,0
2020-05-01,2020,5,May,West Bank,Nablus,PS0115,political_violence,28,0
2020-05-01,2020,5,May,West Bank,Ramallah and Al Bireh,PS0130,political_violence,33,1
2020-05-01,2020,5,May,West Bank,Bethlehem,PS0145,political_violence,12,0
2020-05-01,2020,5,May,West Bank,Al Quds,PS0140,political_violence,34,1
2020-05-01,2020,5,May,West Bank,Hebron,PS0150,political_violence,24,2
2020-05-01,2020,5,May,West Bank,Tulkarm,PS0110,political_violence,15,0
2020-05-01,2020,5,May,West Bank,Tubas,PS0105,political_violence,2,0
2020-06-01,2020,6,June,West Bank,Jenin,PS0101,political_violence,8,0
2020-06-01,2020,6,June,West Bank,Jericho,PS0135,political_violence,4,0
2020-06-01,2020,6,June,West Bank,Qalqilya,PS0120,political_violence,18,0
2020-06-01,2020,6,June,West Bank,Salfit,PS0125,political_violence,6,0
2020-06-01,2020,6,June,West Bank,Nablus,PS0115,political_violence,32,0
2020-06-01,2020,6,June,West Bank,Ramallah and Al Bireh,PS0130,political_violence,35,0
2020-06-01,2020,6,June,West Bank,Bethlehem,PS0145,political_violence,8,1
2020-06-01,2020,6,June,West Bank,Al Quds,PS0140,political_violence,36,2
2020-06-01,2020,6,June,West Bank,Hebron,PS0150,political_violence,24,0
2020-06-01,2020,6,June,West Bank,Tulkarm,PS0110,political_violence,7,0
2020-06-01,2020,6,June,West Bank,Tubas,PS0105,political_violence,1,0
2020-07-01,2020,7,July,West Bank,Jenin,PS0101,political_violence,14,0
2020-07-01,2020,7,July,West Bank,Jericho,PS0135,political_violence,6,0
2020-07-01,2020,7,July,West Bank,Qalqilya,PS0120,political_violence,15,0
2020-07-01,2020,7,July,West Bank,Salfit,PS0125,political_violence,16,1
2020-07-01,2020,7,July,West Bank,Nablus,PS0115,political_violence,23,1
2020-07-01,2020,7,July,West Bank,Ramallah and Al Bireh,PS0130,political_violence,29,0
2020-07-01,2020,7,July,West Bank,Bethlehem,PS0145,political_violence,10,0
2020-07-01,2020,7,July,West Bank,Al Quds,PS0140,political_violence,26,0
2020-07-01,2020,7,July,West Bank,Hebron,PS0150,political_violence,40,0
2020-07-01,2020,7,July,West Bank,Tulkarm,PS0110,political_violence,6,0
2020-07-01,2020,7,July,West Bank,Tubas,PS0105,political_violence,0,0
2020-08-01,2020,8,August,West Bank,Jenin,PS0101,political_violence,10,1
2020-08-01,2020,8,August,West Bank,Jericho,PS0135,political_violence,3,0
2020-08-01,2020,8,August,West Bank,Qalqilya,PS0120,political_violence,13,0
2020-08-01,2020,8,August,West Bank,Salfit,PS0125,political_violence,4,0
2020-08-01,2020,8,August,West Bank,Nablus,PS0115,political_violence,28,0
2020-08-01,2020,8,August,West Bank,Ramallah and Al Bireh,PS0130,political_violence,21,2
2020-08-01,2020,8,August,West Bank,Bethlehem,PS0145,political_violence,9,0
2020-08-01,2020,8,August,West Bank,Al Quds,PS0140,political_violence,37,2
2020-08-01,2020,8,August,West Bank,Hebron,PS0150,political_violence,25,0
2020-08-01,2020,8,August,West Bank,Tulkarm,PS0110,political_violence,13,1
2020-08-01,2020,8,August,West Bank,Tubas,PS0105,political_violence,2,0
2020-09-01,2020,9,September,West Bank,Jenin,PS0101,political_violence,12,1
2020-09-01,2020,9,September,West Bank,Jericho,PS0135,political_violence,3,0
2020-09-01,2020,9,September,West Bank,Qalqilya,PS0120,political_violence,13,0
2020-09-01,2020,9,September,West Bank,Salfit,PS0125,political_violence,6,0
2020-09-01,2020,9,September,West Bank,Nablus,PS0115,political_violence,19,0
2020-09-01,2020,9,September,West Bank,Ramallah and Al Bireh,PS0130,political_violence,28,0
2020-09-01,2020,9,September,West Bank,Bethlehem,PS0145,political_violence,10,0
2020-09-01,2020,9,September,West Bank,Al Quds,PS0140,political_violence,27,0
2020-09-01,2020,9,September,West Bank,Hebron,PS0150,political_violence,29,0
2020-09-01,2020,9,September,West Bank,Tulkarm,PS0110,political_violence,4,0
2020-09-01,2020,9,September,West Bank,Tubas,PS0105,political_violence,2,0
2020-10-01,2020,10,October,West Bank,Jenin,PS0101,political_violence,16,0
2020-10-01,2020,10,October,West Bank,Jericho,PS0135,political_violence,3,0
2020-10-01,2020,10,October,West Bank,Qalqilya,PS0120,political_violence,22,0
2020-10-01,2020,10,October,West Bank,Salfit,PS0125,political_violence,7,0
2020-10-01,2020,10,October,West Bank,Nablus,PS0115,political_violence,52,0
2020-10-01,2020,10,October,West Bank,Ramallah and Al Bireh,PS0130,political_violence,41,2
2020-10-01,2020,10,October,West Bank,Bethlehem,PS0145,political_violence,11,0
2020-10-01,2020,10,October,West Bank,Al Quds,PS0140,political_violence,54,0
2020-10-01,2020,10,October,West Bank,Hebron,PS0150,political_violence,33,0
2020-10-01,2020,10,October,West Bank,Tulkarm,PS0110,political_violence,15,2
2020-10-01,2020,10,October,West Bank,Tubas,PS0105,political_violence,3,0
2020-11-01,2020,11,November,West Bank,Jenin,PS0101,political_violence,13,0
2020-11-01,2020,11,November,West Bank,Jericho,PS0135,political_violence,3,0
2020-11-01,2020,11,November,West Bank,Qalqilya,PS0120,political_violence,36,0
2020-11-01,2020,11,November,West Bank,Salfit,PS0125,political_violence,9,0
2020-11-01,2020,11,November,West Bank,Nablus,PS0115,political_violence,26,1
2020-11-01,2020,11,November,West Bank,Ramallah and Al Bireh,PS0130,political_violence,43,0
2020-11-01,2020,11,November,West Bank,Bethlehem,PS0145,political_violence,17,0
2020-11-01,2020,11,November,West Bank,Al Quds,PS0140,political_violence,42,1
2020-11-01,2020,11,November,West Bank,Hebron,PS0150,political_violence,41,0
2020-11-01,2020,11,November,West Bank,Tulkarm,PS0110,political_violence,4,0
2020-11-01,2020,11,November,West Bank,Tubas,PS0105,political_violence,1,0
2020-12-01,2020,12,December,West Bank,Jenin,PS0101,political_violence,26,1
2020-12-01,2020,12,December,West Bank,Jericho,PS0135,political_violence,7,0
2020-12-01,2020,12,December,West Bank,Qalqilya,PS0120,political_violence,14,0
2020-12-01,2020,12,December,West Bank,Salfit,PS0125,political_violence,16,0
2020-12-01,2020,12,December,West Bank,Nablus,PS0115,political_violence,50,0
2020-12-01,2020,12,December,West Bank,Ramallah and Al Bireh,PS0130,political_violence,44,2
2020-12-01,2020,12,December,West Bank,Bethlehem,PS0145,political_violence,14,0
2020-12-01,2020,12,December,West Bank,Al Quds,PS0140,political_violence,48,2
2020-12-01,2020,12,December,West Bank,Hebron,PS0150,political_violence,34,0
2020-12-01,2020,12,December,West Bank,Tulkarm,PS0110,political_violence,5,0
2020-12-01,2020,12,December,West Bank,Tubas,PS0105,political_violence,1,0
2021-01-01,2021,1,January,West Bank,Jenin,PS0101,political_violence,21,0
2021-01-01,2021,1,January,West Bank,Jericho,PS0135,political_violence,9,0
2021-01-01,2021,1,January,West Bank,Qalqilya,PS0120,political_violence,25,0
2021-01-01,2021,1,January,West Bank,Salfit,PS0125,political_violence,17,1
2021-01-01,2021,1,January,West Bank,Nablus,PS0115,political_violence,48,0
2021-01-01,2021,1,January,West Bank,Ramallah and Al Bireh,PS0130,political_violence,57,0
2021-01-01,2021,1,January,West Bank,Bethlehem,PS0145,political_violence,35,2
2021-01-01,2021,1,January,West Bank,Al Quds,PS0140,political_violence,54,0
2021-01-01,2021,1,January,West Bank,Hebron,PS0150,political_violence,43,1
2021-01-01,2021,1,January,West Bank,Tulkarm,PS0110,political_violence,8,1
2021-01-01,2021,1,January,West Bank,Tubas,PS0105,political_violence,6,0
2021-02-01,2021,2,February,West Bank,Jenin,PS0101,political_violence,19,0
2021-02-01,2021,2,February,West Bank,Jericho,PS0135,political_violence,2,0
2021-02-01,2021,2,February,West Bank,Qalqilya,PS0120,political_violence,18,0
2021-02-01,2021,2,February,West Bank,Salfit,PS0125,political_violence,5,1
2021-02-01,2021,2,February,West Bank,Nablus,PS0115,political_violence,34,0
2021-02-01,2021,2,February,West Bank,Ramallah and Al Bireh,PS0130,political_violence,43,3
2021-02-01,2021,2,February,West Bank,Bethlehem,PS0145,political_violence,27,0
2021-02-01,2021,2,February,West Bank,Al Quds,PS0140,political_violence,50,0
2021-02-01,2021,2,February,West Bank,Hebron,PS0150,political_violence,25,0
2021-02-01,2021,2,February,West Bank,Tulkarm,PS0110,political_violence,3,0
2021-02-01,2021,2,February,West Bank,Tubas,PS0105,political_violence,4,1
2021-03-01,2021,3,March,West Bank,Jenin,PS0101,political_violence,12,0
2021-03-01,2021,3,March,West Bank,Jericho,PS0135,political_violence,5,0
2021-03-01,2021,3,March,West Bank,Qalqilya,PS0120,political_violence,13,0
2021-03-01,2021,3,March,West Bank,Salfit,PS0125,political_violence,11,0
2021-03-01,2021,3,March,West Bank,Nablus,PS0115,political_violence,34,0
2021-03-01,2021,3,March,West Bank,Ramallah and Al Bireh,PS0130,political_violence,32,0
2021-03-01,2021,3,March,West Bank,Bethlehem,PS0145,political_violence,19,0
2021-03-01,2021,3,March,West Bank,Al Quds,PS0140,political_violence,48,0
2021-03-01,2021,3,March,West Bank,Hebron,PS0150,political_violence,25,0
2021-03-01,2021,3,March,West Bank,Tulkarm,PS0110,political_violence,5,0
2021-03-01,2021,3,March,West Bank,Tubas,PS0105,political_violence,6,0
2021-04-01,2021,4,April,West Bank,Jenin,PS0101,political_violence,8,0
2021-04-01,2021,4,April,West Bank,Jericho,PS0135,political_violence,5,0
2021-04-01,2021,4,April,West Bank,Qalqilya,PS0120,political_violence,5,0
2021-04-01,2021,4,April,West Bank,Salfit,PS0125,political_violence,7,0
2021-04-01,2021,4,April,West Bank,Nablus,PS0115,political_violence,33,0
2021-04-01,2021,4,April,West Bank,Ramallah and Al Bireh,PS0130,political_violence,23,0
2021-04-01,2021,4,April,West Bank,Bethlehem,PS0145,political_violence,15,0
2021-04-01,2021,4,April,West Bank,Al Quds,PS0140,political_violence,87,1
2021-04-01,2021,4,April,West Bank,Hebron,PS0150,political_violence,30,1
2021-04-01,2021,4,April,West Bank,Tulkarm,PS0110,political_violence,2,0
2021-04-01,2021,4,April,West Bank,Tubas,PS0105,political_violence,2,0
2021-05-01,2021,5,May,West Bank,Jenin,PS0101,political_violence,43,5
2021-05-01,2021,5,May,West Bank,Jericho,PS0135,political_violence,12,1
2021-05-01,2021,5,May,West Bank,Qalqilya,PS0120,political_violence,53,0
2021-05-01,2021,5,May,West Bank,Salfit,PS0125,political_violence,34,1
2021-05-01,2021,5,May,West Bank,Nablus,PS0115,political_violence,108,12
2021-05-01,2021,5,May,West Bank,Ramallah and Al Bireh,PS0130,political_violence,97,4
2021-05-01,2021,5,May,West Bank,Bethlehem,PS0145,political_violence,56,1
2021-05-01,2021,5,May,West Bank,Al Quds,PS0140,political_violence,165,2
2021-05-01,2021,5,May,West Bank,Hebron,PS0150,political_violence,128,8
2021-05-01,2021,5,May,West Bank,Tulkarm,PS0110,political_violence,32,2
2021-05-01,2021,5,May,West Bank,Tubas,PS0105,political_violence,8,1
2021-06-01,2021,6,June,West Bank,Jenin,PS0101,political_violence,23,4
2021-06-01,2021,6,June,West Bank,Jericho,PS0135,political_violence,3,0
2021-06-01,2021,6,June,West Bank,Qalqilya,PS0120,political_violence,15,0
2021-06-01,2021,6,June,West Bank,Salfit,PS0125,political_violence,8,0
2021-06-01,2021,6,June,West Bank,Nablus,PS0115,political_violence,60,3
2021-06-01,2021,6,June,West Bank,Ramallah and Al Bireh,PS0130,political_violence,37,0
2021-06-01,2021,6,June,West Bank,Bethlehem,PS0145,political_violence,18,0
2021-06-01,2021,6,June,West Bank,Al Quds,PS0140,political_violence,86,2
2021-06-01,2021,6,June,West Bank,Hebron,PS0150,political_violence,34,1
2021-06-01,2021,6,June,West Bank,Tulkarm,PS0110,political_violence,4,0
2021-06-01,2021,6,June,West Bank,Tubas,PS0105,political_violence,6,0
2021-07-01,2021,7,July,West Bank,Jenin,PS0101,political_violence,23,0
2021-07-01,2021,7,July,West Bank,Jericho,PS0135,political_violence,3,0
2021-07-01,2021,7,July,West Bank,Qalqilya,PS0120,political_violence,6,0
2021-07-01,2021,7,July,West Bank,Salfit,PS0125,political_violence,8,0
2021-07-01,2021,7,July,West Bank,Nablus,PS0115,political_violence,61,2
2021-07-01,2021,7,July,West Bank,Ramallah and Al Bireh,PS0130,political_violence,22,1
2021-07-01,2021,7,July,West Bank,Bethlehem,PS0145,political_violence,12,0
2021-07-01,2021,7,July,West Bank,Al Quds,PS0140,political_violence,53,0
2021-07-01,2021,7,July,West Bank,Hebron,PS0150,political_violence,43,5
2021-07-01,2021,7,July,West Bank,Tulkarm,PS0110,political_violence,2,0
2021-07-01,2021,7,July,West Bank,Tubas,PS0105,political_violence,6,0
2021-08-01,2021,8,August,West Bank,Jenin,PS0101,political_violence,23,5
2021-08-01,2021,8,August,West Bank,Jericho,PS0135,political_violence,9,0
2021-08-01,2021,8,August,West Bank,Qalqilya,PS0120,political_violence,15,0
2021-08-01,2021,8,August,West Bank,Salfit,PS0125,political_violence,6,0
2021-08-01,2021,8,August,West Bank,Nablus,PS0115,political_violence,25,1
2021-08-01,2021,8,August,West Bank,Ramallah and Al Bireh,PS0130,political_violence,23,0
2021-08-01,2021,8,August,West Bank,Bethlehem,PS0145,political_violence,18,0
2021-08-01,2021,8,August,West Bank,Al Quds,PS0140,political_violence,24,0
2021-08-01,2021,8,August,West Bank,Hebron,PS0150,political_violence,25,0
2021-08-01,2021,8,August,West Bank,Tulkarm,PS0110,political_violence,4,0
2021-08-01,2021,8,August,West Bank,Tubas,PS0105,political_violence,12,0
2021-09-01,2021,9,September,West Bank,Jenin,PS0101,political_violence,47,3
2021-09-01,2021,9,September,West Bank,Jericho,PS0135,political_violence,13,0
2021-09-01,2021,9,September,West Bank,Qalqilya,PS0120,political_violence,38,0
2021-09-01,2021,9,September,West Bank,Salfit,PS0125,political_violence,7,0
2021-09-01,2021,9,September,West Bank,Nablus,PS0115,political_violence,46,0
2021-09-01,2021,9,September,West Bank,Ramallah and Al Bireh,PS0130,political_violence,47,1
2021-09-01,2021,9,September,West Bank,Bethlehem,PS0145,political_violence,30,0
2021-09-01,2021,9,September,West Bank,Al Quds,PS0140,political_violence,66,5
2021-09-01,2021,9,September,West Bank,Hebron,PS0150,political_violence,69,0
2021-09-01,2021,9,September,West Bank,Tulkarm,PS0110,political_violence,3,0
2021-09-01,2021,9,September,West Bank,Tubas,PS0105,political_violence,2,0
2021-10-01,2021,10,October,West Bank,Jenin,PS0101,political_violence,22,0
2021-10-01,2021,10,October,West Bank,Jericho,PS0135,political_violence,3,0
2021-10-01,2021,10,October,West Bank,Qalqilya,PS0120,political_violence,20,0
2021-10-01,2021,10,October,West Bank,Salfit,PS0125,political_violence,7,0
2021-10-01,2021,10,October,West Bank,Nablus,PS0115,political_violence,40,0
2021-10-01,2021,10,October,West Bank,Ramallah and Al Bireh,PS0130,political_violence,23,0
2021-10-01,2021,10,October,West Bank,Bethlehem,PS0145,political_violence,16,1
2021-10-01,2021,10,October,West Bank,Al Quds,PS0140,political_violence,53,0
2021-10-01,2021,10,October,West Bank,Hebron,PS0150,political_violence,46,0
2021-10-01,2021,10,October,West Bank,Tulkarm,PS0110,political_violence,3,0
2021-10-01,2021,10,October,West Bank,Tubas,PS0105,political_violence,10,0
2021-11-01,2021,11,November,West Bank,Jenin,PS0101,political_violence,20,0
2021-11-01,2021,11,November,West Bank,Jericho,PS0135,political_violence,8,0
2021-11-01,2021,11,November,West Bank,Qalqilya,PS0120,political_violence,22,0
2021-11-01,2021,11,November,West Bank,Salfit,PS0125,political_violence,7,0
2021-11-01,2021,11,November,West Bank,Nablus,PS0115,political_violence,55,0
2021-11-01,2021,11,November,West Bank,Ramallah and Al Bireh,PS0130,political_violence,62,0
2021-11-01,2021,11,November,West Bank,Bethlehem,PS0145,political_violence,16,0
2021-11-01,2021,11,November,West Bank,Al Quds,PS0140,political_violence,67,3
2021-11-01,2021,11,November,West Bank,Hebron,PS0150,political_violence,64,0
2021-11-01,2021,11,November,West Bank,Tulkarm,PS0110,political_violence,5,0
2021-11-01,2021,11,November,West Bank,Tubas,PS0105,political_violence,3,1
2021-12-01,2021,12,December,West Bank,Jenin,PS0101,political_violence,28,1
2021-12-01,2021,12,December,West Bank,Jericho,PS0135,political_violence,5,0
2021-12-01,2021,12,December,West Bank,Qalqilya,PS0120,political_violence,25,0
2021-12-01,2021,12,December,West Bank,Salfit,PS0125,political_violence,13,1
2021-12-01,2021,12,December,West Bank,Nablus,PS0115,political_violence,90,2
2021-12-01,2021,12,December,West Bank,Ramallah and Al Bireh,PS0130,political_violence,55,2
2021-12-01,2021,12,December,West Bank,Bethlehem,PS0145,political_violence,27,0
2021-12-01,2021,12,December,West Bank,Al Quds,PS0140,political_violence,55,1
2021-12-01,2021,12,December,West Bank,Hebron,PS0150,political_violence,42,0
2021-12-01,2021,12,December,West Bank,Tulkarm,PS0110,political_violence,4,1
2021-12-01,2021,12,December,West Bank,Tubas,PS0105,political_violence,8,0
2022-01-01,2022,1,January,West Bank,Jenin,PS0101,political_violence,27,0
2022-01-01,2022,1,January,West Bank,Jericho,PS0135,political_violence,6,0
2022-01-01,2022,1,January,West Bank,Qalqilya,PS0120,political_violence,14,0
2022-01-01,2022,1,January,West Bank,Salfit,PS0125,political_violence,11,0
2022-01-01,2022,1,January,West Bank,Nablus,PS0115,political_violence,78,1
2022-01-01,2022,1,January,West Bank,Ramallah and Al Bireh,PS0130,political_violence,41,2
2022-01-01,2022,1,January,West Bank,Bethlehem,PS0145,political_violence,20,1
2022-01-01,2022,1,January,West Bank,Al Quds,PS0140,political_violence,45,1
2022-01-01,2022,1,January,West Bank,Hebron,PS0150,political_violence,45,1
2022-01-01,2022,1,January,West Bank,Tulkarm,PS0110,political_violence,4,1
2022-01-01,2022,1,January,West Bank,Tubas,PS0105,political_violence,4,0
2022-02-01,2022,2,February,West Bank,Jenin,PS0101,political_violence,37,2
2022-02-01,2022,2,February,West Bank,Jericho,PS0135,political_violence,1,0
2022-02-01,2022,2,February,West Bank,Qalqilya,PS0120,political_violence,20,0
2022-02-01,2022,2,February,West Bank,Salfit,PS0125,political_violence,33,0
2022-02-01,2022,2,February,West Bank,Nablus,PS0115,political_violence,55,3
2022-02-01,2022,2,February,West Bank,Ramallah and Al Bireh,PS0130,political_violence,48,1
2022-02-01,2022,2,February,West Bank,Bethlehem,PS0145,political_violence,40,1
2022-02-01,2022,2,February,West Bank,Al Quds,PS0140,political_violence,51,0
2022-02-01,2022,2,February,West Bank,Hebron,PS0150,political_violence,68,0
2022-02-01,2022,2,February,West Bank,Tulkarm,PS0110,political_violence,9,0
2022-02-01,2022,2,February,West Bank,Tubas,PS0105,political_violence,4,0
2022-03-01,2022,3,March,West Bank,Jenin,PS0101,political_violence,31,4
2022-03-01,2022,3,March,West Bank,Jericho,PS0135,political_violence,6,0
2022-03-01,2022,3,March,West Bank,Qalqilya,PS0120,political_violence,32,0
2022-03-01,2022,3,March,West Bank,Salfit,PS0125,political_violence,27,0
2022-03-01,2022,3,March,West Bank,Nablus,PS0115,political_violence,77,1
2022-03-01,2022,3,March,West Bank,Ramallah and Al Bireh,PS0130,political_violence,104,0
2022-03-01,2022,3,March,West Bank,Bethlehem,PS0145,political_violence,34,2
2022-03-01,2022,3,March,West Bank,Al Quds,PS0140,political_violence,53,4
2022-03-01,2022,3,March,West Bank,Hebron,PS0150,political_violence,72,0
2022-03-01,2022,3,March,West Bank,Tulkarm,PS0110,political_violence,11,0
2022-03-01,2022,3,March,West Bank,Tubas,PS0105,political_violence,6,0
2022-04-01,2022,4,April,West Bank,Jenin,PS0101,political_violence,62,11
2022-04-01,2022,4,April,West Bank,Jericho,PS0135,political_violence,10,1
2022-04-01,2022,4,April,West Bank,Qalqilya,PS0120,political_violence,62,1
2022-04-01,2022,4,April,West Bank,Salfit,PS0125,political_violence,35,1
2022-04-01,2022,4,April,West Bank,Nablus,PS0115,political_violence,73,2
2022-04-01,2022,4,April,West Bank,Ramallah and Al Bireh,PS0130,political_violence,104,1
2022-04-01,2022,4,April,West Bank,Bethlehem,PS0145,political_violence,45,3
2022-04-01,2022,4,April,West Bank,Al Quds,PS0140,political_violence,77,1
2022-04-01,2022,4,April,West Bank,Hebron,PS0150,political_violence,94,2
2022-04-01,2022,4,April,West Bank,Tulkarm,PS0110,political_violence,40,0
2022-04-01,2022,4,April,West Bank,Tubas,PS0105,political_violence,3,0
2022-05-01,2022,5,May,West Bank,Jenin,PS0101,political_violence,41,4
2022-05-01,2022,5,May,West Bank,Jericho,PS0135,political_violence,7,0
2022-05-01,2022,5,May,West Bank,Qalqilya,PS0120,political_violence,58,0
2022-05-01,2022,5,May,West Bank,Salfit,PS0125,political_violence,40,0
2022-05-01,2022,5,May,West Bank,Nablus,PS0115,political_violence,104,1
2022-05-01,2022,5,May,West Bank,Ramallah and Al Bireh,PS0130,political_violence,70,1
2022-05-01,2022,5,May,West Bank,Bethlehem,PS0145,political_violence,41,2
2022-05-01,2022,5,May,West Bank,Al Quds,PS0140,political_violence,64,0
2022-05-01,2022,5,May,West Bank,Hebron,PS0150,political_violence,70,0
2022-05-01,2022,5,May,West Bank,Tulkarm,PS0110,political_violence,29,1
2022-05-01,2022,5,May,West Bank,Tubas,PS0105,political_violence,9,0
2022-06-01,2022,6,June,West Bank,Jenin,PS0101,political_violence,33,6
2022-06-01,2022,6,June,West Bank,Jericho,PS0135,political_violence,12,0
2022-06-01,2022,6,June,West Bank,Qalqilya,PS0120,political_violence,21,1
2022-06-01,2022,6,June,West Bank,Salfit,PS0125,political_violence,18,1
2022-06-01,2022,6,June,West Bank,Nablus,PS0115,political_violence,59,0
2022-06-01,2022,6,June,West Bank,Ramallah and Al Bireh,PS0130,political_violence,61,2
2022-06-01,2022,6,June,West Bank,Bethlehem,PS0145,political_violence,25,1
2022-06-01,2022,6,June,West Bank,Al Quds,PS0140,political_violence,44,0
2022-06-01,2022,6,June,West Bank,Hebron,PS0150,political_violence,45,2
2022-06-01,2022,6,June,West Bank,Tulkarm,PS0110,political_violence,10,0
2022-06-01,2022,6,June,West Bank,Tubas,PS0105,political_violence,7,0
2022-07-01,2022,7,July,West Bank,Jenin,PS0101,political_violence,16,2
2022-07-01,2022,7,July,West Bank,Jericho,PS0135,political_violence,20,0
2022-07-01,2022,7,July,West Bank,Qalqilya,PS0120,political_violence,15,0
2022-07-01,2022,7,July,West Bank,Salfit,PS0125,political_violence,22,0
2022-07-01,2022,7,July,West Bank,Nablus,PS0115,political_violence,38,4
2022-07-01,2022,7,July,West Bank,Ramallah and Al Bireh,PS0130,political_violence,43,0
2022-07-01,2022,7,July,West Bank,Bethlehem,PS0145,political_violence,25,0
2022-07-01,2022,7,July,West Bank,Al Quds,PS0140,political_violence,38,0
2022-07-01,2022,7,July,West Bank,Hebron,PS0150,political_violence,44,0
2022-07-01,2022,7,July,West Bank,Tulkarm,PS0110,political_violence,13,1
2022-07-01,2022,7,July,West Bank,Tubas,PS0105,political_violence,2,0
2022-08-01,2022,8,August,West Bank,Jenin,PS0101,political_violence,32,1
2022-08-01,2022,8,August,West Bank,Jericho,PS0135,political_violence,17,0
2022-08-01,2022,8,August,West Bank,Qalqilya,PS0120,political_violence,25,0
2022-08-01,2022,8,August,West Bank,Salfit,PS0125,political_violence,15,0
2022-08-01,2022,8,August,West Bank,Nablus,PS0115,political_violence,59,5
2022-08-01,2022,8,August,West Bank,Ramallah and Al Bireh,PS0130,political_violence,50,0
2022-08-01,2022,8,August,West Bank,Bethlehem,PS0145,political_violence,25,0
2022-08-01,2022,8,August,West Bank,Al Quds,PS0140,political_violence,57,1
2022-08-01,2022,8,August,West Bank,Hebron,PS0150,political_violence,44,0
2022-08-01,2022,8,August,West Bank,Tulkarm,PS0110,political_violence,7,0
2022-08-01,2022,8,August,West Bank,Tubas,PS0105,political_violence,6,1
2022-09-01,2022,9,September,West Bank,Jenin,PS0101,political_violence,36,12
2022-09-01,2022,9,September,West Bank,Jericho,PS0135,political_violence,7,0
2022-09-01,2022,9,September,West Bank,Qalqilya,PS0120,political_violence,22,1
2022-09-01,2022,9,September,West Bank,Salfit,PS0125,political_violence,13,0
2022-09-01,2022,9,September,West Bank,Nablus,PS0115,political_violence,114,3
2022-09-01,2022,9,September,West Bank,Ramallah and Al Bireh,PS0130,political_violence,74,3
2022-09-01,2022,9,September,West Bank,Bethlehem,PS0145,political_violence,39,0
2022-09-01,2022,9,September,West Bank,Al Quds,PS0140,political_violence,69,0
2022-09-01,2022,9,September,West Bank,Hebron,PS0150,political_violence,73,1
2022-09-01,2022,9,September,West Bank,Tulkarm,PS0110,political_violence,4,0
2022-09-01,2022,9,September,West Bank,Tubas,PS0105,political_violence,6,1
2022-10-01,2022,10,October,West Bank,Jenin,PS0101,political_violence,62,5
2022-10-01,2022,10,October,West Bank,Jericho,PS0135,political_violence,8,1
2022-10-01,2022,10,October,West Bank,Qalqilya,PS0120,political_violence,42,3
2022-10-01,2022,10,October,West Bank,Salfit,PS0125,political_violence,35,1
2022-10-01,2022,10,October,West Bank,Nablus,PS0115,political_violence,158,10
2022-10-01,2022,10,October,West Bank,Ramallah and Al Bireh,PS0130,political_violence,136,3
2022-10-01,2022,10,October,West Bank,Bethlehem,PS0145,political_violence,40,0
2022-10-01,2022,10,October,West Bank,Al Quds,PS0140,political_violence,96,2
2022-10-01,2022,10,October,West Bank,Hebron,PS0150,political_violence,112,2
2022-10-01,2022,10,October,West Bank,Tulkarm,PS0110,political_violence,18,0
2022-10-01,2022,10,October,West Bank,Tubas,PS0105,political_violence,6,0
2022-11-01,2022,11,November,West Bank,Jenin,PS0101,political_violence,57,5
2022-11-01,2022,11,November,West Bank,Jericho,PS0135,political_violence,9,0
2022-11-01,2022,11,November,West Bank,Qalqilya,PS0120,political_violence,35,0
2022-11-01,2022,11,November,West Bank,Salfit,PS0125,political_violence,23,4
2022-11-01,2022,11,November,West Bank,Nablus,PS0115,political_violence,78,4
2022-11-01,2022,11,November,West Bank,Ramallah and Al Bireh,PS0130,political_violence,85,6
2022-11-01,2022,11,November,West Bank,Bethlehem,PS0145,political_violence,34,0
2022-11-01,2022,11,November,West Bank,Al Quds,PS0140,political_violence,49,3
2022-11-01,2022,11,November,West Bank,Hebron,PS0150,political_violence,100,1
2022-11-01,2022,11,November,West Bank,Tulkarm,PS0110,political_violence,21,0
2022-11-01,2022,11,November,West Bank,Tubas,PS0105,political_violence,2,0
2022-12-01,2022,12,December,West Bank,Jenin,PS0101,political_violence,72,7
2022-12-01,2022,12,December,West Bank,Jericho,PS0135,political_violence,8,0
2022-12-01,2022,12,December,West Bank,Qalqilya,PS0120,political_violence,33,0
2022-12-01,2022,12,December,West Bank,Salfit,PS0125,political_violence,18,2
2022-12-01,2022,12,December,West Bank,Nablus,PS0115,political_violence,113,2
2022-12-01,2022,12,December,West Bank,Ramallah and Al Bireh,PS0130,political_violence,76,2
2022-12-01,2022,12,December,West Bank,Bethlehem,PS0145,political_violence,39,1
2022-12-01,2022,12,December,West Bank,Al Quds,PS0140,political_violence,52,0
2022-12-01,2022,12,December,West Bank,Hebron,PS0150,political_violence,87,0
2022-12-01,2022,12,December,West Bank,Tulkarm,PS0110,political_violence,12,0
2022-12-01,2022,12,December,West Bank,Tubas,PS0105,political_violence,1,0
2023-01-01,2023,1,January,West Bank,Jenin,PS0101,political_violence,88,19
2023-01-01,2023,1,January,West Bank,Jericho,PS0135,political_violence,17,0
2023-01-01,2023,1,January,West Bank,Qalqilya,PS0120,political_violence,43,3
2023-01-01,2023,1,January,West Bank,Salfit,PS0125,political_violence,23,0
2023-01-01,2023,1,January,West Bank,Nablus,PS0115,political_violence,125,2
2023-01-01,2023,1,January,West Bank,Ramallah and Al Bireh,PS0130,political_violence,72,2
2023-01-01,2023,1,January,West Bank,Bethlehem,PS0145,political_violence,59,2
2023-01-01,2023,1,January,West Bank,Al Quds,PS0140,political_violence,84,12
2023-01-01,2023,1,January,West Bank,Hebron,PS0150,political_violence,92,3
2023-01-01,2023,1,January,West Bank,Tulkarm,PS0110,political_violence,18,0
2023-01-01,2023,1,January,West Bank,Tubas,PS0105,political_violence,13,0
2023-02-01,2023,2,February,West Bank,Jenin,PS0101,political_violence,56,2
2023-02-01,2023,2,February,West Bank,Jericho,PS0135,political_violence,22,5
2023-02-01,2023,2,February,West Bank,Qalqilya,PS0120,political_violence,25,0
2023-02-01,2023,2,February,West Bank,Salfit,PS0125,political_violence,23,2
2023-02-01,2023,2,February,West Bank,Nablus,PS0115,political_violence,130,18
2023-02-01,2023,2,February,West Bank,Ramallah and Al Bireh,PS0130,political_violence,83,0
2023-02-01,2023,2,February,West Bank,Bethlehem,PS0145,political_violence,32,0
2023-02-01,2023,2,February,West Bank,Al Quds,PS0140,political_violence,64,5
2023-02-01,2023,2,February,West Bank,Hebron,PS0150,political_violence,72,2
2023-02-01,2023,2,February,West Bank,Tulkarm,PS0110,political_violence,22,0
2023-02-01,2023,2,February,West Bank,Tubas,PS0105,political_violence,8,1
2023-03-01,2023,3,March,West Bank,Jenin,PS0101,political_violence,70,14
2023-03-01,2023,3,March,West Bank,Jericho,PS0135,political_violence,14,1
2023-03-01,2023,3,March,West Bank,Qalqilya,PS0120,political_violence,30,3
2023-03-01,2023,3,March,West Bank,Salfit,PS0125,political_violence,27,0
2023-03-01,2023,3,March,West Bank,Nablus,PS0115,political_violence,100,3
2023-03-01,2023,3,March,West Bank,Ramallah and Al Bireh,PS0130,political_violence,82,1
2023-03-01,2023,3,March,West Bank,Bethlehem,PS0145,political_violence,53,0
2023-03-01,2023,3,March,West Bank,Al Quds,PS0140,political_violence,53,1
2023-03-01,2023,3,March,West Bank,Hebron,PS0150,political_violence,76,0
2023-03-01,2023,3,March,West Bank,Tulkarm,PS0110,political_violence,18,1
2023-03-01,2023,3,March,West Bank,Tubas,PS0105,political_violence,5,0
2023-04-01,2023,4,April,West Bank,Jenin,PS0101,political_violence,51,0
2023-04-01,2023,4,April,West Bank,Jericho,PS0135,political_violence,13,2
2023-04-01,2023,4,April,West Bank,Qalqilya,PS0120,political_violence,13,1
2023-04-01,2023,4,April,West Bank,Salfit,PS0125,political_violence,12,1
2023-04-01,2023,4,April,West Bank,Nablus,PS0115,political_violence,91,8
2023-04-01,2023,4,April,West Bank,Ramallah and Al Bireh,PS0130,political_violence,60,0
2023-04-01,2023,4,April,West Bank,Bethlehem,PS0145,political_violence,45,1
2023-04-01,2023,4,April,West Bank,Al Quds,PS0140,political_violence,55,0
2023-04-01,2023,4,April,West Bank,Hebron,PS0150,political_violence,68,1
2023-04-01,2023,4,April,West Bank,Tulkarm,PS0110,political_violence,8,0
2023-04-01,2023,4,April,West Bank,Tubas,PS0105,political_violence,12,0
2023-05-01,2023,5,May,West Bank,Jenin,PS0101,political_violence,55,6
2023-05-01,2023,5,May,West Bank,Jericho,PS0135,political_violence,13,1
2023-05-01,2023,5,May,West Bank,Qalqilya,PS0120,political_violence,26,0
2023-05-01,2023,5,May,West Bank,Salfit,PS0125,political_violence,12,0
2023-05-01,2023,5,May,West Bank,Nablus,PS0115,political_violence,89,11
2023-05-01,2023,5,May,West Bank,Ramallah and Al Bireh,PS0130,political_violence,61,0
2023-05-01,2023,5,May,West Bank,Bethlehem,PS0145,political_violence,47,0
2023-05-01,2023,5,May,West Bank,Al Quds,PS0140,political_violence,49,0
2023-05-01,2023,5,May,West Bank,Hebron,PS0150,political_violence,66,1
2023-05-01,2023,5,May,West Bank,Tulkarm,PS0110,political_violence,24,4
2023-05-01,2023,5,May,West Bank,Tubas,PS0105,political_violence,8,0
2023-06-01,2023,6,June,West Bank,Jenin,PS0101,political_violence,69,10
2023-06-01,2023,6,June,West Bank,Jericho,PS0135,political_violence,13,0
2023-06-01,2023,6,June,West Bank,Qalqilya,PS0120,political_violence,32,0
2023-06-01,2023,6,June,West Bank,Salfit,PS0125,political_violence,16,0
2023-06-01,2023,6,June,West Bank,Nablus,PS0115,political_violence,107,8
2023-06-01,2023,6,June,West Bank,Ramallah and Al Bireh,PS0130,political_violence,101,3
2023-06-01,2023,6,June,West Bank,Bethlehem,PS0145,political_violence,34,1
2023-06-01,2023,6,June,West Bank,Al Quds,PS0140,political_violence,36,1
2023-06-01,2023,6,June,West Bank,Hebron,PS0150,political_violence,50,0
2023-06-01,2023,6,June,West Bank,Tulkarm,PS0110,political_violence,29,0
2023-06-01,2023,6,June,West Bank,Tubas,PS0105,political_violence,10,1
2023-07-01,2023,7,July,West Bank,Jenin,PS0101,political_violence,54,11
2023-07-01,2023,7,July,West Bank,Jericho,PS0135,political_violence,12,0
2023-07-01,2023,7,July,West Bank,Qalqilya,PS0120,political_violence,29,3
2023-07-01,2023,7,July,West Bank,Salfit,PS0125,political_violence,30,0
2023-07-01,2023,7,July,West Bank,Nablus,PS0115,political_violence,102,8
2023-07-01,2023,7,July,West Bank,Ramallah and Al Bireh,PS0130,political_violence,79,1
2023-07-01,2023,7,July,West Bank,Bethlehem,PS0145,political_violence,36,0
2023-07-01,2023,7,July,West Bank,Al Quds,PS0140,political_violence,47,0
2023-07-01,2023,7,July,West Bank,Hebron,PS0150,political_violence,78,1
2023-07-01,2023,7,July,West Bank,Tulkarm,PS0110,political_violence,30,0
2023-07-01,2023,7,July,West Bank,Tubas,PS0105,political_violence,8,0
2023-08-01,2023,8,August,West Bank,Jenin,PS0101,political_violence,73,5
2023-08-01,2023,8,August,West Bank,Jericho,PS0135,political_violence,13,2
2023-08-01,2023,8,August,West Bank,Qalqilya,PS0120,political_violence,34,0
2023-08-01,2023,8,August,West Bank,Salfit,PS0125,political_violence,7,0
2023-08-01,2023,8,August,West Bank,Nablus,PS0115,political_violence,76,5
2023-08-01,2023,8,August,West Bank,Ramallah and Al Bireh,PS0130,political_violence,80,4
2023-08-01,2023,8,August,West Bank,Bethlehem,PS0145,political_violence,20,0
2023-08-01,2023,8,August,West Bank,Al Quds,PS0140,political_violence,48,2
2023-08-01,2023,8,August,West Bank,Hebron,PS0150,political_violence,66,2
2023-08-01,2023,8,August,West Bank,Tulkarm,PS0110,political_violence,25,3
2023-08-01,2023,8,August,West Bank,Tubas,PS0105,political_violence,15,0
2023-09-01,2023,9,September,West Bank,Jenin,PS0101,political_violence,65,5
2023-09-01,2023,9,September,West Bank,Jericho,PS0135,political_violence,28,2
2023-09-01,2023,9,September,West Bank,Qalqilya,PS0120,political_violence,41,0
2023-09-01,2023,9,September,West Bank,Salfit,PS0125,political_violence,13,0
2023-09-01,2023,9,September,West Bank,Nablus,PS0115,political_violence,72,0
2023-09-01,2023,9,September,West Bank,Ramallah and Al Bireh,PS0130,political_violence,71,1
2023-09-01,2023,9,September,West Bank,Bethlehem,PS0145,political_violence,23,0
2023-09-01,2023,9,September,West Bank,Al Quds,PS0140,political_violence,47,0
2023-09-01,2023,9,September,West Bank,Hebron,PS0150,political_violence,58,1
2023-09-01,2023,9,September,West Bank,Tulkarm,PS0110,political_violence,32,3
2023-09-01,2023,9,September,West Bank,Tubas,PS0105,political_violence,11,1
2023-10-01,2023,10,October,West Bank,Jenin,PS0101,political_violence,97,17
2023-10-01,2023,10,October,West Bank,Jericho,PS0135,political_violence,40,6
2023-10-01,2023,10,October,West Bank,Qalqilya,PS0120,political_violence,63,6
2023-10-01,2023,10,October,West Bank,Salfit,PS0125,political_violence,52,0
2023-10-01,2023,10,October,West Bank,Nablus,PS0115,political_violence,213,24
2023-10-01,2023,10,October,West Bank,Ramallah and Al Bireh,PS0130,political_violence,162,13
2023-10-01,2023,10,October,West Bank,Bethlehem,PS0145,political_violence,74,2
2023-10-01,2023,10,October,West Bank,Al Quds,PS0140,political_violence,113,11
2023-10-01,2023,10,October,West Bank,Hebron,PS0150,political_violence,211,11
2023-10-01,2023,10,October,West Bank,Tulkarm,PS0110,political_violence,59,22
2023-10-01,2023,10,October,West Bank,Tubas,PS0105,political_violence,38,4
2023-11-01,2023,11,November,West Bank,Jenin,PS0101,political_violence,118,53
2023-11-01,2023,11,November,West Bank,Jericho,PS0135,political_violence,34,2
2023-11-01,2023,11,November,West Bank,Qalqilya,PS0120,political_violence,58,2
2023-11-01,2023,11,November,West Bank,Salfit,PS0125,political_violence,27,0
2023-11-01,2023,11,November,West Bank,Nablus,PS0115,political_violence,162,13
2023-11-01,2023,11,November,West Bank,Ramallah and Al Bireh,PS0130,political_violence,86,10
2023-11-01,2023,11,November,West Bank,Bethlehem,PS0145,political_violence,59,7
2023-11-01,2023,11,November,West Bank,Al Quds,PS0140,political_violence,51,8
2023-11-01,2023,11,November,West Bank,Hebron,PS0150,political_violence,121,12
2023-11-01,2023,11,November,West Bank,Tulkarm,PS0110,political_violence,75,26
2023-11-01,2023,11,November,West Bank,Tubas,PS0105,political_violence,36,5
2023-12-01,2023,12,December,West Bank,Jenin,PS0101,political_violence,83,14
2023-12-01,2023,12,December,West Bank,Jericho,PS0135,political_violence,18,0
2023-12-01,2023,12,December,West Bank,Qalqilya,PS0120,political_violence,67,4
2023-12-01,2023,12,December,West Bank,Salfit,PS0125,political_violence,17,1
2023-12-01,2023,12,December,West Bank,Nablus,PS0115,political_violence,118,5
2023-12-01,2023,12,December,West Bank,Ramallah and Al Bireh,PS0130,political_violence,73,2
2023-12-01,2023,12,December,West Bank,Bethlehem,PS0145,political_violence,60,3
2023-12-01,2023,12,December,West Bank,Al Quds,PS0140,political_violence,43,5
2023-12-01,2023,12,December,West Bank,Hebron,PS0150,political_violence,114,9
2023-12-01,2023,12,December,West Bank,Tulkarm,PS0110,political_violence,55,13
2023-12-01,2023,12,December,West Bank,Tubas,PS0105,political_violence,20,12
2024-01-01,2024,1,January,West Bank,Jenin,PS0101,political_violence,86,15
2024-01-01,2024,1,January,West Bank,Jericho,PS0135,political_violence,7,1
2024-01-01,2024,1,January,West Bank,Qalqilya,PS0120,political_violence,63,4
2024-01-01,2024,1,January,West Bank,Salfit,PS0125,political_violence,18,0
2024-01-01,2024,1,January,West Bank,Nablus,PS0115,political_violence,101,6
2024-01-01,2024,1,January,West Bank,Ramallah and Al Bireh,PS0130,political_violence,60,11
2024-01-01,2024,1,January,West Bank,Bethlehem,PS0145,political_violence,35,1
2024-01-01,2024,1,January,West Bank,Al Quds,PS0140,political_violence,39,3
2024-01-01,2024,1,January,West Bank,Hebron,PS0150,political_violence,83,11
2024-01-01,2024,1,January,West Bank,Tulkarm,PS0110,political_violence,44,11
2024-01-01,2024,1,January,West Bank,Tubas,PS0105,political_violence,10,1
2024-02-01,2024,2,February,West Bank,Jenin,PS0101,political_violence,66,9
2024-02-01,2024,2,February,West Bank,Jericho,PS0135,political_violence,7,0
2024-02-01,2024,2,February,West Bank,Qalqilya,PS0120,political_violence,34,2
2024-02-01,2024,2,February,West Bank,Salfit,PS0125,political_violence,15,0
2024-02-01,2024,2,February,West Bank,Nablus,PS0115,political_violence,112,8
2024-02-01,2024,2,February,West Bank,Ramallah and Al Bireh,PS0130,political_violence,69,0
2024-02-01,2024,2,February,West Bank,Bethlehem,PS0145,political_violence,44,2
2024-02-01,2024,2,February,West Bank,Al Quds,PS0140,political_violence,31,6
2024-02-01,2024,2,February,West Bank,Hebron,PS0150,political_violence,68,3
2024-02-01,2024,2,February,West Bank,Tulkarm,PS0110,political_violence,36,5
2024-02-01,2024,2,February,West Bank,Tubas,PS0105,political_violence,20,3
2024-03-01,2024,3,March,West Bank,Jenin,PS0101,political_violence,79,13
2024-03-01,2024,3,March,West Bank,Jericho,PS0135,political_violence,9,3
2024-03-01,2024,3,March,West Bank,Qalqilya,PS0120,political_violence,39,0
2024-03-01,2024,3,March,West Bank,Salfit,PS0125,political_violence,11,0
2024-03-01,2024,3,March,West Bank,Nablus,PS0115,political_violence,119,4
2024-03-01,2024,3,March,West Bank,Ramallah and Al Bireh,PS0130,political_violence,50,7
2024-03-01,2024,3,March,West Bank,Bethlehem,PS0145,political_violence,43,3
2024-03-01,2024,3,March,West Bank,Al Quds,PS0140,political_violence,36,3
2024-03-01,2024,3,March,West Bank,Hebron,PS0150,political_violence,71,1
2024-03-01,2024,3,March,West Bank,Tulkarm,PS0110,political_violence,48,11
2024-03-01,2024,3,March,West Bank,Tubas,PS0105,political_violence,18,0
2024-04-01,2024,4,April,West Bank,Jenin,PS0101,political_violence,61,2
2024-04-01,2024,4,April,West Bank,Jericho,PS0135,political_violence,11,1
2024-04-01,2024,4,April,West Bank,Qalqilya,PS0120,political_violence,43,0
2024-04-01,2024,4,April,West Bank,Salfit,PS0125,political_violence,14,0
2024-04-01,2024,4,April,West Bank,Nablus,PS0115,political_violence,122,7
2024-04-01,2024,4,April,West Bank,Ramallah and Al Bireh,PS0130,political_violence,62,3
2024-04-01,2024,4,April,West Bank,Bethlehem,PS0145,political_violence,32,0
2024-04-01,2024,4,April,West Bank,Al Quds,PS0140,political_violence,22,1
2024-04-01,2024,4,April,West Bank,Hebron,PS0150,political_violence,58,4
2024-04-01,2024,4,April,West Bank,Tulkarm,PS0110,political_violence,45,16
2024-04-01,2024,4,April,West Bank,Tubas,PS0105,political_violence,20,3
2024-05-01,2024,5,May,West Bank,Jenin,PS0101,political_violence,48,14
2024-05-01,2024,5,May,West Bank,Jericho,PS0135,political_violence,13,0
2024-05-01,2024,5,May,West Bank,Qalqilya,PS0120,political_violence,44,0
2024-05-01,2024,5,May,West Bank,Salfit,PS0125,political_violence,22,0
2024-05-01,2024,5,May,West Bank,Nablus,PS0115,political_violence,157,4
2024-05-01,2024,5,May,West Bank,Ramallah and Al Bireh,PS0130,political_violence,85,1
2024-05-01,2024,5,May,West Bank,Bethlehem,PS0145,political_violence,49,0
2024-05-01,2024,5,May,West Bank,Al Quds,PS0140,political_violence,29,2
2024-05-01,2024,5,May,West Bank,Hebron,PS0150,political_violence,88,1
2024-05-01,2024,5,May,West Bank,Tulkarm,PS0110,political_violence,48,13
2024-05-01,2024,5,May,West Bank,Tubas,PS0105,political_violence,27,0
2024-06-01,2024,6,June,West Bank,Jenin,PS0101,political_violence,59,16
2024-06-01,2024,6,June,West Bank,Jericho,PS0135,political_violence,12,2
2024-06-01,2024,6,June,West Bank,Qalqilya,PS0120,political_violence,19,5
2024-06-01,2024,6,June,West Bank,Salfit,PS0125,political_violence,12,0
2024-06-01,2024,6,June,West Bank,Nablus,PS0115,political_violence,136,4
2024-06-01,2024,6,June,West Bank,Ramallah and Al Bireh,PS0130,political_violence,65,5
2024-06-01,2024,6,June,West Bank,Bethlehem,PS0145,political_violence,24,1
2024-06-01,2024,6,June,West Bank,Al Quds,PS0140,political_violence,26,0
2024-06-01,2024,6,June,West Bank,Hebron,PS0150,political_violence,73,0
2024-06-01,2024,6,June,West Bank,Tulkarm,PS0110,political_violence,35,6
2024-06-01,2024,6,June,West Bank,Tubas,PS0105,political_violence,20,1
2024-07-01,2024,7,July,West Bank,Jenin,PS0101,political_violence,59,12
2024-07-01,2024,7,July,West Bank,Jericho,PS0135,political_violence,8,0
2024-07-01,2024,7,July,West Bank,Qalqilya,PS0120,political_violence,40,0
2024-07-01,2024,7,July,West Bank,Salfit,PS0125,political_violence,13,0
2024-07-01,2024,7,July,West Bank,Nablus,PS0115,political_violence,164,5
2024-07-01,2024,7,July,West Bank,Ramallah and Al Bireh,PS0130,political_violence,101,5
2024-07-01,2024,7,July,West Bank,Bethlehem,PS0145,political_violence,40,0
2024-07-01,2024,7,July,West Bank,Al Quds,PS0140,political_violence,37,1
2024-07-01,2024,7,July,West Bank,Hebron,PS0150,political_violence,92,5
2024-07-01,2024,7,July,West Bank,Tulkarm,PS0110,political_violence,48,14
2024-07-01,2024,7,July,West Bank,Tubas,PS0105,political_violence,15,2
2024-08-01,2024,8,August,West Bank,Jenin,PS0101,political_violence,52,40
2024-08-01,2024,8,August,West Bank,Jericho,PS0135,political_violence,15,0
2024-08-01,2024,8,August,West Bank,Qalqilya,PS0120,political_violence,49,4
2024-08-01,2024,8,August,West Bank,Salfit,PS0125,political_violence,35,4
2024-08-01,2024,8,August,West Bank,Nablus,PS0115,political_violence,144,3
2024-08-01,2024,8,August,West Bank,Ramallah and Al Bireh,PS0130,political_violence,71,3
2024-08-01,2024,8,August,West Bank,Bethlehem,PS0145,political_violence,42,3
2024-08-01,2024,8,August,West Bank,Al Quds,PS0140,political_violence,31,2
2024-08-01,2024,8,August,West Bank,Hebron,PS0150,political_violence,83,3
2024-08-01,2024,8,August,West Bank,Tulkarm,PS0110,political_violence,49,34
2024-08-01,2024,8,August,West Bank,Tubas,PS0105,political_violence,24,15
2024-09-01,2024,9,September,West Bank,Jenin,PS0101,political_violence,75,13
2024-09-01,2024,9,September,West Bank,Jericho,PS0135,political_violence,14,4
2024-09-01,2024,9,September,West Bank,Qalqilya,PS0120,political_violence,33,0
2024-09-01,2024,9,September,West Bank,Salfit,PS0125,political_violence,21,0
2024-09-01,2024,9,September,West Bank,Nablus,PS0115,political_violence,132,3
2024-09-01,2024,9,September,West Bank,Ramallah and Al Bireh,PS0130,political_violence,61,3
2024-09-01,2024,9,September,West Bank,Bethlehem,PS0145,political_violence,52,0
2024-09-01,2024,9,September,West Bank,Al Quds,PS0140,political_violence,32,3
2024-09-01,2024,9,September,West Bank,Hebron,PS0150,political_violence,87,6
2024-09-01,2024,9,September,West Bank,Tulkarm,PS0110,political_violence,36,11
2024-09-01,2024,9,September,West Bank,Tubas,PS0105,political_violence,24,14
2024-10-01,2024,10,October,West Bank,Jenin,PS0101,political_violence,62,5
2024-10-01,2024,10,October,West Bank,Jericho,PS0135,political_violence,6,1
2024-10-01,2024,10,October,West Bank,Qalqilya,PS0120,political_violence,27,1
2024-10-01,2024,10,October,West Bank,Salfit,PS0125,political_violence,41,0
2024-10-01,2024,10,October,West Bank,Nablus,PS0115,political_violence,181,9
2024-10-01,2024,10,October,West Bank,Ramallah and Al Bireh,PS0130,political_violence,67,1
2024-10-01,2024,10,October,West Bank,Bethlehem,PS0145,political_violence,49,0
2024-10-01,2024,10,October,West Bank,Al Quds,PS0140,political_violence,44,2
2024-10-01,2024,10,October,West Bank,Hebron,PS0150,political_violence,70,2
2024-10-01,2024,10,October,West Bank,Tulkarm,PS0110,political_violence,47,31
2024-10-01,2024,10,October,West Bank,Tubas,PS0105,political_violence,40,1
2024-11-01,2024,11,November,West Bank,Jenin,PS0101,political_violence,76,23
2024-11-01,2024,11,November,West Bank,Jericho,PS0135,political_violence,7,0
2024-11-01,2024,11,November,West Bank,Qalqilya,PS0120,political_violence,20,0
2024-11-01,2024,11,November,West Bank,Salfit,PS0125,political_violence,35,1
2024-11-01,2024,11,November,West Bank,Nablus,PS0115,political_violence,123,4
2024-11-01,2024,11,November,West Bank,Ramallah and Al Bireh,PS0130,political_violence,55,0
2024-11-01,2024,11,November,West Bank,Bethlehem,PS0145,political_violence,57,0
2024-11-01,2024,11,November,West Bank,Al Quds,PS0140,political_violence,30,2
2024-11-01,2024,11,November,West Bank,Hebron,PS0150,political_violence,60,1
2024-11-01,2024,11,November,West Bank,Tulkarm,PS0110,political_violence,47,3
2024-11-01,2024,11,November,West Bank,Tubas,PS0105,political_violence,17,3
2024-12-01,2024,12,December,West Bank,Jenin,PS0101,political_violence,68,17
2024-12-01,2024,12,December,West Bank,Jericho,PS0135,political_violence,10,0
2024-12-01,2024,12,December,West Bank,Qalqilya,PS0120,political_violence,22,3
2024-12-01,2024,12,December,West Bank,Salfit,PS0125,political_violence,20,0
2024-12-01,2024,12,December,West Bank,Nablus,PS0115,political_violence,152,8
2024-12-01,2024,12,December,West Bank,Ramallah and Al Bireh,PS0130,political_violence,45,0
2024-12-01,2024,12,December,West Bank,Bethlehem,PS0145,political_violence,33,2
2024-12-01,2024,12,December,West Bank,Al Quds,PS0140,political_violence,25,2
2024-12-01,2024,12,December,West Bank,Hebron,PS0150,political_violence,51,1
2024-12-01,2024,12,December,West Bank,Tulkarm,PS0110,political_violence,35,14
2024-12-01,2024,12,December,West Bank,Tubas,PS0105,political_violence,28,6
2025-01-01,2025,1,January,West Bank,Jenin,PS0101,political_violence,92,41
2025-01-01,2025,1,January,West Bank,Jericho,PS0135,political_violence,13,0
2025-01-01,2025,1,January,West Bank,Qalqilya,PS0120,political_violence,58,3
2025-01-01,2025,1,January,West Bank,Salfit,PS0125,political_violence,41,0
2025-01-01,2025,1,January,West Bank,Nablus,PS0115,political_violence,145,8
2025-01-01,2025,1,January,West Bank,Ramallah and Al Bireh,PS0130,political_violence,72,0
2025-01-01,2025,1,January,West Bank,Bethlehem,PS0145,political_violence,45,0
2025-01-01,2025,1,January,West Bank,Al Quds,PS0140,political_violence,25,1
2025-01-01,2025,1,January,West Bank,Hebron,PS0150,political_violence,78,0
2025-01-01,2025,1,January,West Bank,Tulkarm,PS0110,political_violence,38,6
2025-01-01,2025,1,January,West Bank,Tubas,PS0105,political_violence,32,16
2025-02-01,2025,2,February,West Bank,Jenin,PS0101,political_violence,85,8
2025-02-01,2025,2,February,West Bank,Jericho,PS0135,political_violence,14,0
2025-02-01,2025,2,February,West Bank,Qalqilya,PS0120,political_violence,33,2
2025-02-01,2025,2,February,West Bank,Salfit,PS0125,political_violence,14,0
2025-02-01,2025,2,February,West Bank,Nablus,PS0115,political_violence,123,4
2025-02-01,2025,2,February,West Bank,Ramallah and Al Bireh,PS0130,political_violence,59,0
2025-02-01,2025,2,February,West Bank,Bethlehem,PS0145,political_violence,42,0
2025-02-01,2025,2,February,West Bank,Al Quds,PS0140,political_violence,31,0
2025-02-01,2025,2,February,West Bank,Hebron,PS0150,political_violence,62,3
2025-02-01,2025,2,February,West Bank,Tulkarm,PS0110,political_violence,58,8
2025-02-01,2025,2,February,West Bank,Tubas,PS0105,political_violence,30,6
2025-03-01,2025,3,March,West Bank,Jenin,PS0101,political_violence,56,9
2025-03-01,2025,3,March,West Bank,Jericho,PS0135,political_violence,7,0
2025-03-01,2025,3,March,West Bank,Qalqilya,PS0120,political_violence,31,2
2025-03-01,2025,3,March,West Bank,Salfit,PS0125,political_violence,25,0
2025-03-01,2025,3,March,West Bank,Nablus,PS0115,political_violence,127,4
2025-03-01,2025,3,March,West Bank,Ramallah and Al Bireh,PS0130,political_violence,67,0
2025-03-01,2025,3,March,West Bank,Bethlehem,PS0145,political_violence,38,0
2025-03-01,2025,3,March,West Bank,Al Quds,PS0140,political_violence,28,1
2025-03-01,2025,3,March,West Bank,Hebron,PS0150,political_violence,94,0
2025-03-01,2025,3,March,West Bank,Tulkarm,PS0110,political_violence,38,0
2025-03-01,2025,3,March,West Bank,Tubas,PS0105,political_violence,12,1
2025-04-01,2025,4,April,West Bank,Jenin,PS0101,political_violence,75,7
2025-04-01,2025,4,April,West Bank,Jericho,PS0135,political_violence,20,0
2025-04-01,2025,4,April,West Bank,Qalqilya,PS0120,political_violence,24,0
2025-04-01,2025,4,April,West Bank,Salfit,PS0125,political_violence,36,1
2025-04-01,2025,4,April,West Bank,Nablus,PS0115,political_violence,100,5
2025-04-01,2025,4,April,West Bank,Ramallah and Al Bireh,PS0130,political_violence,59,4
2025-04-01,2025,4,April,West Bank,Bethlehem,PS0145,political_violence,49,1
2025-04-01,2025,4,April,West Bank,Al Quds,PS0140,political_violence,32,0
2025-04-01,2025,4,April,West Bank,Hebron,PS0150,political_violence,62,0
2025-04-01,2025,4,April,West Bank,Tulkarm,PS0110,political_violence,42,0
2025-04-01,2025,4,April,West Bank,Tubas,PS0105,political_violence,19,0
2025-05-01,2025,5,May,West Bank,Jenin,PS0101,political_violence,84,0
2025-05-01,2025,5,May,West Bank,Jericho,PS0135,political_violence,26,1
2025-05-01,2025,5,May,West Bank,Qalqilya,PS0120,political_violence,20,1
2025-05-01,2025,5,May,West Bank,Salfit,PS0125,political_violence,49,2
2025-05-01,2025,5,May,West Bank,Nablus,PS0115,political_violence,112,8
2025-05-01,2025,5,May,West Bank,Ramallah and Al Bireh,PS0130,political_violence,98,0
2025-05-01,2025,5,May,West Bank,Bethlehem,PS0145,political_violence,42,0
2025-05-01,2025,5,May,West Bank,Al Quds,PS0140,political_violence,26,1
2025-05-01,2025,5,May,West Bank,Hebron,PS0150,political_violence,82,1
2025-05-01,2025,5,May,West Bank,Tulkarm,PS0110,political_violence,38,0
2025-05-01,2025,5,May,West Bank,Tubas,PS0105,political_violence,22,6
2025-06-01,2025,6,June,West Bank,Jenin,PS0101,political_violence,67,1
2025-06-01,2025,6,June,West Bank,Jericho,PS0135,political_violence,10,0
2025-06-01,2025,6,June,West Bank,Qalqilya,PS0120,political_violence,18,0
2025-06-01,2025,6,June,West Bank,Salfit,PS0125,political_violence,16,0
2025-06-01,2025,6,June,West Bank,Nablus,PS0115,political_violence,97,2
2025-06-01,2025,6,June,West Bank,Ramallah and Al Bireh,PS0130,political_violence,69,5
2025-06-01,2025,6,June,West Bank,Bethlehem,PS0145,political_violence,21,1
2025-06-01,2025,6,June,West Bank,Al Quds,PS0140,political_violence,39,2
2025-06-01,2025,6,June,West Bank,Hebron,PS0150,political_violence,54,2
2025-06-01,2025,6,June,West Bank,Tulkarm,PS0110,political_violence,40,1
2025-06-01,2025,6,June,West Bank,Tubas,PS0105,political_violence,16,1
2025-07-01,2025,7,July,West Bank,Jenin,PS0101,political_violence,56,5
2025-07-01,2025,7,July,West Bank,Jericho,PS0135,political_violence,14,0
2025-07-01,2025,7,July,West Bank,Qalqilya,PS0120,political_violence,16,0
2025-07-01,2025,7,July,West Bank,Salfit,PS0125,political_violence,18,0
2025-07-01,2025,7,July,West Bank,Nablus,PS0115,political_violence,102,4
2025-07-01,2025,7,July,West Bank,Ramallah and Al Bireh,PS0130,political_violence,88,4
2025-07-01,2025,7,July,West Bank,Bethlehem,PS0145,political_violence,45,6
2025-07-01,2025,7,July,West Bank,Al Quds,PS0140,political_violence,39,0
2025-07-01,2025,7,July,West Bank,Hebron,PS0150,political_violence,69,4
2025-07-01,2025,7,July,West Bank,Tulkarm,PS0110,political_violence,47,1
2025-07-01,2025,7,July,West Bank,Tubas,PS0105,political_violence,25,1
2025-08-01,2025,8,August,West Bank,Jenin,PS0101,political_violence,56,1
2025-08-01,2025,8,August,West Bank,Jericho,PS0135,political_violence,15,1
2025-08-01,2025,8,August,West Bank,Qalqilya,PS0120,political_violence,7,0
2025-08-01,2025,8,August,West Bank,Salfit,PS0125,political_violence,23,0
2025-08-01,2025,8,August,West Bank,Nablus,PS0115,political_violence,77,1
2025-08-01,2025,8,August,West Bank,Ramallah and Al Bireh,PS0130,political_violence,86,1
2025-08-01,2025,8,August,West Bank,Bethlehem,PS0145,political_violence,21,0
2025-08-01,2025,8,August,West Bank,Al Quds,PS0140,political_violence,33,0
2025-08-01,2025,8,August,West Bank,Hebron,PS0150,political_violence,83,0
2025-08-01,2025,8,August,West Bank,Tulkarm,PS0110,political_violence,32,0
2025-08-01,2025,8,August,West Bank,Tubas,PS0105,political_violence,20,0
2025-09-01,2025,9,September,West Bank,Jenin,PS0101,political_violence,74,3
2025-09-01,2025,9,September,West Bank,Jericho,PS0135,political_violence,17,3
2025-09-01,2025,9,September,West Bank,Qalqilya,PS0120,political_violence,27,4
2025-09-01,2025,9,September,West Bank,Salfit,PS0125,political_violence,24,0
2025-09-01,2025,9,September,West Bank,Nablus,PS0115,political_violence,126,2
2025-09-01,2025,9,September,West Bank,Ramallah and Al Bireh,PS0130,political_violence,87,1
2025-09-01,2025,9,September,West Bank,Bethlehem,PS0145,political_violence,30,0
2025-09-01,2025,9,September,West Bank,Al Quds,PS0140,political_violence,48,9
2025-09-01,2025,9,September,West Bank,Hebron,PS0150,political_violence,70,0
2025-09-01,2025,9,September,West Bank,Tulkarm,PS0110,political_violence,35,0
2025-09-01,2025,9,September,West Bank,Tubas,PS0105,political_violence,31,2
2025-10-01,2025,10,October,West Bank,Jenin,PS0101,political_violence,81,5
2025-10-01,2025,10,October,West Bank,Jericho,PS0135,political_violence,8,0
2025-10-01,2025,10,October,West Bank,Qalqilya,PS0120,political_violence,31,0
2025-10-01,2025,10,October,West Bank,Salfit,PS0125,political_violence,41,0
2025-10-01,2025,10,October,West Bank,Nablus,PS0115,political_violence,180,3
2025-10-01,2025,10,October,West Bank,Ramallah and Al Bireh,PS0130,political_violence,139,3
2025-10-01,2025,10,October,West Bank,Bethlehem,PS0145,political_violence,29,0
2025-10-01,2025,10,October,West Bank,Al Quds,PS0140,political_violence,62,1
2025-10-01,2025,10,October,West Bank,Hebron,PS0150,political_violence,90,1
2025-10-01,2025,10,October,West Bank,Tulkarm,PS0110,political_violence,50,1
2025-10-01,2025,10,October,West Bank,Tubas,PS0105,political_violence,33,0
2025-11-01,2025,11,November,West Bank,Jenin,PS0101,political_violence,72,5
2025-11-01,2025,11,November,West Bank,Jericho,PS0135,political_violence,8,0
2025-11-01,2025,11,November,West Bank,Qalqilya,PS0120,political_violence,23,0
2025-11-01,2025,11,November,West Bank,Salfit,PS0125,political_violence,28,0
2025-11-01,2025,11,November,West Bank,Nablus,PS0115,political_violence,126,4
2025-11-01,2025,11,November,West Bank,Ramallah and Al Bireh,PS0130,political_violence,118,2
2025-11-01,2025,11,November,West Bank,Bethlehem,PS0145,political_violence,39,3
2025-11-01,2025,11,November,West Bank,Al Quds,PS0140,political_violence,69,4
2025-11-01,2025,11,November,West Bank,Hebron,PS0150,political_violence,81,3
2025-11-01,2025,11,November,West Bank,Tulkarm,PS0110,political_violence,44,0
2025-11-01,2025,11,November,West Bank,Tubas,PS0105,political_violence,35,2
2025-12-01,2025,12,December,West Bank,Jenin,PS0101,political_violence,73,3
2025-12-01,2025,12,December,West Bank,Jericho,PS0135,political_violence,29,0
2025-12-01,2025,12,December,West Bank,Qalqilya,PS0120,political_violence,15,2
2025-12-01,2025,12,December,West Bank,Salfit,PS0125,political_violence,23,0
2025-12-01,2025,12,December,West Bank,Nablus,PS0115,political_violence,98,2
2025-12-01,2025,12,December,West Bank,Ramallah and Al Bireh,PS0130,political_violence,140,1
2025-12-01,2025,12,December,West Bank,Bethlehem,PS0145,political_violence,43,1
2025-12-01,2025,12,December,West Bank,Al Quds,PS0140,political_violence,67,0
2025-12-01,2025,12,December,West Bank,Hebron,PS0150,political_violence,85,4
2025-12-01,2025,12,December,West Bank,Tulkarm,PS0110,political_violence,37,0
2025-12-01,2025,12,December,West Bank,Tubas,PS0105,political_violence,16,0
2026-01-01,2026,1,January,West Bank,Jenin,PS0101,political_violence,24,1
2026-01-01,2026,1,January,West Bank,Jericho,PS0135,political_violence,15,0
2026-01-01,2026,1,January,West Bank,Qalqilya,PS0120,political_violence,21,0
2026-01-01,2026,1,January,West Bank,Salfit,PS0125,political_violence,19,0
2026-01-01,2026,1,January,West Bank,Nablus,PS0115,political_violence,150,2
2026-01-01,2026,1,January,West Bank,Ramallah and Al Bireh,PS0130,political_violence,117,1
2026-01-01,2026,1,January,West Bank,Bethlehem,PS0145,political_violence,38,1
2026-01-01,2026,1,January,West Bank,Al Quds,PS0140,political_violence,54,0
2026-01-01,2026,1,January,West Bank,Hebron,PS0150,political_violence,102,2
2026-01-01,2026,1,January,West Bank,Tulkarm,PS0110,political_violence,16,0
2026-01-01,2026,1,January,West Bank,Tubas,PS0105,political_violence,23,0
2026-02-01,2026,2,February,West Bank,Jenin,PS0101,political_violence,23,0
2026-02-01,2026,2,February,West Bank,Jericho,PS0135,political_violence,8,1
2026-02-01,2026,2,February,West Bank,Qalqilya,PS0120,political_violence,16,4
2026-02-01,2026,2,February,West Bank,Salfit,PS0125,political_violence,24,0
2026-02-01,2026,2,February,West Bank,Nablus,PS0115,political_violence,117,2
2026-02-01,2026,2,February,West Bank,Ramallah and Al Bireh,PS0130,political_violence,112,0
2026-02-01,2026,2,February,West Bank,Bethlehem,PS0145,political_violence,40,0
2026-02-01,2026,2,February,West Bank,Al Quds,PS0140,political_violence,55,1
2026-02-01,2026,2,February,West Bank,Hebron,PS0150,political_violence,107,1
2026-02-01,2026,2,February,West Bank,Tulkarm,PS0110,political_violence,14,0
2026-02-01,2026,2,February,West Bank,Tubas,PS0105,political_violence,37,2
2026-03-01,2026,3,March,West Bank,Jenin,PS0101,political_violence,12,0
2026-03-01,2026,3,March,West Bank,Jericho,PS0135,political_violence,11,0
2026-03-01,2026,3,March,West Bank,Qalqilya,PS0120,political_violence,18,0
2026-03-01,2026,3,March,West Bank,Salfit,PS0125,political_violence,45,2
2026-03-01,2026,3,March,West Bank,Nablus,PS0115,political_violence,143,4
2026-03-01,2026,3,March,West Bank,Ramallah and Al Bireh,PS0130,political_violence,84,7
2026-03-01,2026,3,March,West Bank,Bethlehem,PS0145,political_violence,36,2
2026-03-01,2026,3,March,West Bank,Al Quds,PS0140,political_violence,53,2
2026-03-01,2026,3,March,West Bank,Hebron,PS0150,political_violence,98,7
2026-03-01,2026,3,March,West Bank,Tulkarm,PS0110,political_violence,16,1
2026-03-01,2026,3,March,West Bank,Tubas,PS0105,political_violence,41,4
2026-04-01,2026,4,April,West Bank,Jenin,PS0101,political_violence,15,0
2026-04-01,2026,4,April,West Bank,Jericho,PS0135,political_violence,5,0
2026-04-01,2026,4,April,West Bank,Qalqilya,PS0120,political_violence,16,1
2026-04-01,2026,4,April,West Bank,Salfit,PS0125,political_violence,19,0
2026-04-01,2026,4,April,West Bank,Nablus,PS0115,political_violence,93,0
2026-04-01,2026,4,April,West Bank,Ramallah and Al Bireh,PS0130,political_violence,61,1
2026-04-01,2026,4,April,West Bank,Bethlehem,PS0145,political_violence,23,0
2026-04-01,2026,4,April,West Bank,Al Quds,PS0140,political_violence,31,1
2026-04-01,2026,4,April,West Bank,Hebron,PS0150,political_violence,60,0
2026-04-01,2026,4,April,West Bank,Tulkarm,PS0110,political_violence,13,0
2026-04-01,2026,4,April,West Bank,Tubas,PS0105,political_violence,12,1
2016-01-01,2016,1,January,West Bank,Jenin,PS0101,civilian_targeting,0,0
2016-01-01,2016,1,January,West Bank,Jericho,PS0135,civilian_targeting,0,0
2016-01-01,2016,1,January,West Bank,Qalqilya,PS0120,civilian_targeting,1,0
2016-01-01,2016,1,January,West Bank,Salfit,PS0125,civilian_targeting,3,2
2016-01-01,2016,1,January,West Bank,Nablus,PS0115,civilian_targeting,1,0
2016-01-01,2016,1,January,West Bank,Ramallah and Al Bireh,PS0130,civilian_targeting,4,3
2016-01-01,2016,1,January,West Bank,Bethlehem,PS0145,civilian_targeting,1,1
2016-01-01,2016,1,January,West Bank,Al Quds,PS0140,civilian_targeting,5,0
2016-01-01,2016,1,January,West Bank,Hebron,PS0150,civilian_targeting,3,2
2016-01-01,2016,1,January,West Bank,Tulkarm,PS0110,civilian_targeting,0,0
2016-01-01,2016,1,January,West Bank,Tubas,PS0105,civilian_targeting,1,0
2016-02-01,2016,2,February,West Bank,Jenin,PS0101,civilian_targeting,0,0
2016-02-01,2016,2,February,West Bank,Jericho,PS0135,civilian_targeting,1,1
2016-02-01,2016,2,February,West Bank,Qalqilya,PS0120,civilian_targeting,1,0
2016-02-01,2016,2,February,West Bank,Salfit,PS0125,civilian_targeting,0,0
2016-02-01,2016,2,February,West Bank,Nablus,PS0115,civilian_targeting,2,0
2016-02-01,2016,2,February,West Bank,Ramallah and Al Bireh,PS0130,civilian_targeting,1,0
2016-02-01,2016,2,February,West Bank,Bethlehem,PS0145,civilian_targeting,4,0
2016-02-01,2016,2,February,West Bank,Al Quds,PS0140,civilian_targeting,3,2
2016-02-01,2016,2,February,West Bank,Hebron,PS0150,civilian_targeting,4,0
2016-02-01,2016,2,February,West Bank,Tulkarm,PS0110,civilian_targeting,0,0
2016-02-01,2016,2,February,West Bank,Tubas,PS0105,civilian_targeting,0,0
2016-03-01,2016,3,March,West Bank,Jenin,PS0101,civilian_targeting,1,0
2016-03-01,2016,3,March,West Bank,Jericho,PS0135,civilian_targeting,0,0
2016-03-01,2016,3,March,West Bank,Qalqilya,PS0120,civilian_targeting,2,0
2016-03-01,2016,3,March,West Bank,Salfit,PS0125,civilian_targeting,1,0
2016-03-01,2016,3,March,West Bank,Nablus,PS0115,civilian_targeting,2,0
2016-03-01,2016,3,March,West Bank,Ramallah and Al Bireh,PS0130,civilian_targeting,1,0
2016-03-01,2016,3,March,West Bank,Bethlehem,PS0145,civilian_targeting,3,0
2016-03-01,2016,3,March,West Bank,Al Quds,PS0140,civilian_targeting,5,0
2016-03-01,2016,3,March,West Bank,Hebron,PS0150,civilian_targeting,3,0
2016-03-01,2016,3,March,West Bank,Tulkarm,PS0110,civilian_targeting,0,0
2016-03-01,2016,3,March,West Bank,Tubas,PS0105,civilian_targeting,0,0
2016-04-01,2016,4,April,West Bank,Jenin,PS0101,civilian_targeting,0,0
2016-04-01,2016,4,April,West Bank,Jericho,PS0135,civilian_targeting,0,0
2016-04-01,2016,4,April,West Bank,Qalqilya,PS0120,civilian_targeting,3,0
2016-04-01,2016,4,April,West Bank,Salfit,PS0125,civilian_targeting,0,0
2016-04-01,2016,4,April,West Bank,Nablus,PS0115,civilian_targeting,1,0
2016-04-01,2016,4,April,West Bank,Ramallah and Al Bireh,PS0130,civilian_targeting,0,0
2016-04-01,2016,4,April,West Bank,Bethlehem,PS0145,civilian_targeting,0,0
2016-04-01,2016,4,April,West Bank,Al Quds,PS0140,civilian_targeting,6,1
2016-04-01,2016,4,April,West Bank,Hebron,PS0150,civilian_targeting,3,0
2016-04-01,2016,4,April,West Bank,Tulkarm,PS0110,civilian_targeting,0,0
2016-04-01,2016,4,April,West Bank,Tubas,PS0105,civilian_targeting,0,0
2016-05-01,2016,5,May,West Bank,Jenin,PS0101,civilian_targeting,0,0
2016-05-01,2016,5,May,West Bank,Jericho,PS0135,civilian_targeting,0,0
2016-05-01,2016,5,May,West Bank,Qalqilya,PS0120,civilian_targeting,0,0
2016-05-01,2016,5,May,West Bank,Salfit,PS0125,civilian_targeting,0,0
2016-05-01,2016,5,May,West Bank,Nablus,PS0115,civilian_targeting,0,0
2016-05-01,2016,5,May,West Bank,Ramallah and Al Bireh,PS0130,civilian_targeting,1,0
2016-05-01,2016,5,May,West Bank,Bethlehem,PS0145,civilian_targeting,5,0
2016-05-01,2016,5,May,West Bank,Al Quds,PS0140,civilian_targeting,7,1
2016-05-01,2016,5,May,West Bank,Hebron,PS0150,civilian_targeting,2,0
2016-05-01,2016,5,May,West Bank,Tulkarm,PS0110,civilian_targeting,0,0
2016-05-01,2016,5,May,West Bank,Tubas,PS0105,civilian_targeting,0,0
2016-06-01,2016,6,June,West Bank,Jenin,PS0101,civilian_targeting,0,0
2016-06-01,2016,6,June,West Bank,Jericho,PS0135,civilian_targeting,0,0
2016-06-01,2016,6,June,West Bank,Qalqilya,PS0120,civilian_targeting,0,0
2016-06-01,2016,6,June,West Bank,Salfit,PS0125,civilian_targeting,0,0
2016-06-01,2016,6,June,West Bank,Nablus,PS0115,civilian_targeting,3,0
2016-06-01,2016,6,June,West Bank,Ramallah and Al Bireh,PS0130,civilian_targeting,4,1
2016-06-01,2016,6,June,West Bank,Bethlehem,PS0145,civilian_targeting,1,0
2016-06-01,2016,6,June,West Bank,Al Quds,PS0140,civilian_targeting,6,0
2016-06-01,2016,6,June,West Bank,Hebron,PS0150,civilian_targeting,6,3
2016-06-01,2016,6,June,West Bank,Tulkarm,PS0110,civilian_targeting,0,0
2016-06-01,2016,6,June,West Bank,Tubas,PS0105,civilian_targeting,0,0
2016-07-01,2016,7,July,West Bank,Jenin,PS0101,civilian_targeting,0,0
2016-07-01,2016,7,July,West Bank,Jericho,PS0135,civilian_targeting,0,0
2016-07-01,2016,7,July,West Bank,Qalqilya,PS0120,civilian_targeting,2,0
2016-07-01,2016,7,July,West Bank,Salfit,PS0125,civilian_targeting,1,0
2016-07-01,2016,7,July,West Bank,Nablus,PS0115,civilian_targeting,2,0
2016-07-01,2016,7,July,West Bank,Ramallah and Al Bireh,PS0130,civilian_targeting,3,0
2016-07-01,2016,7,July,West Bank,Bethlehem,PS0145,civilian_targeting,4,0
2016-07-01,2016,7,July,West Bank,Al Quds,PS0140,civilian_targeting,1,1
2016-07-01,2016,7,July,West Bank,Hebron,PS0150,civilian_targeting,4,3
2016-07-01,2016,7,July,West Bank,Tulkarm,PS0110,civilian_targeting,0,0
2016-07-01,2016,7,July,West Bank,Tubas,PS0105,civilian_targeting,0,0
2016-08-01,2016,8,August,West Bank,Jenin,PS0101,civilian_targeting,0,0
2016-08-01,2016,8,August,West Bank,Jericho,PS0135,civilian_targeting,0,0
2016-08-01,2016,8,August,West Bank,Qalqilya,PS0120,civilian_targeting,2,0
2016-08-01,2016,8,August,West Bank,Salfit,PS0125,civilian_targeting,1,0
2016-08-01,2016,8,August,West Bank,Nablus,PS0115,civilian_targeting,1,1
2016-08-01,2016,8,August,West Bank,Ramallah and Al Bireh,PS0130,civilian_targeting,2,1
2016-08-01,2016,8,August,West Bank,Bethlehem,PS0145,civilian_targeting,1,0
2016-08-01,2016,8,August,West Bank,Al Quds,PS0140,civilian_targeting,1,0
2016-08-01,2016,8,August,West Bank,Hebron,PS0150,civilian_targeting,3,1
2016-08-01,2016,8,August,West Bank,Tulkarm,PS0110,civilian_targeting,0,0
2016-08-01,2016,8,August,West Bank,Tubas,PS0105,civilian_targeting,0,0
2016-09-01,2016,9,September,West Bank,Jenin,PS0101,civilian_targeting,2,0
2016-09-01,2016,9,September,West Bank,Jericho,PS0135,civilian_targeting,0,0
2016-09-01,2016,9,September,West Bank,Qalqilya,PS0120,civilian_targeting,0,0
2016-09-01,2016,9,September,West Bank,Salfit,PS0125,civilian_targeting,0,0
2016-09-01,2016,9,September,West Bank,Nablus,PS0115,civilian_targeting,3,0
2016-09-01,2016,9,September,West Bank,Ramallah and Al Bireh,PS0130,civilian_targeting,0,0
2016-09-01,2016,9,September,West Bank,Bethlehem,PS0145,civilian_targeting,2,1
2016-09-01,2016,9,September,West Bank,Al Quds,PS0140,civilian_targeting,5,2
2016-09-01,2016,9,September,West Bank,Hebron,PS0150,civilian_targeting,5,2
2016-09-01,2016,9,September,West Bank,Tulkarm,PS0110,civilian_targeting,1,1
2016-09-01,2016,9,September,West Bank,Tubas,PS0105,civilian_targeting,0,0
2016-10-01,2016,10,October,West Bank,Jenin,PS0101,civilian_targeting,0,0
2016-10-01,2016,10,October,West Bank,Jericho,PS0135,civilian_targeting,0,0
2016-10-01,2016,10,October,West Bank,Qalqilya,PS0120,civilian_targeting,1,0
2016-10-01,2016,10,October,West Bank,Salfit,PS0125,civilian_targeting,0,0
2016-10-01,2016,10,October,West Bank,Nablus,PS0115,civilian_targeting,3,0
2016-10-01,2016,10,October,West Bank,Ramallah and Al Bireh,PS0130,civilian_targeting,0,0
2016-10-01,2016,10,October,West Bank,Bethlehem,PS0145,civilian_targeting,2,0
2016-10-01,2016,10,October,West Bank,Al Quds,PS0140,civilian_targeting,2,3
2016-10-01,2016,10,October,West Bank,Hebron,PS0150,civilian_targeting,4,2
2016-10-01,2016,10,October,West Bank,Tulkarm,PS0110,civilian_targeting,0,0
2016-10-01,2016,10,October,West Bank,Tubas,PS0105,civilian_targeting,0,0
2016-11-01,2016,11,November,West Bank,Jenin,PS0101,civilian_targeting,0,0
2016-11-01,2016,11,November,West Bank,Jericho,PS0135,civilian_targeting,0,0
2016-11-01,2016,11,November,West Bank,Qalqilya,PS0120,civilian_targeting,3,0
2016-11-01,2016,11,November,West Bank,Salfit,PS0125,civilian_targeting,0,0
2016-11-01,2016,11,November,West Bank,Nablus,PS0115,civilian_targeting,0,0
2016-11-01,2016,11,November,West Bank,Ramallah and Al Bireh,PS0130,civilian_targeting,3,0
2016-11-01,2016,11,November,West Bank,Bethlehem,PS0145,civilian_targeting,1,0
2016-11-01,2016,11,November,West Bank,Al Quds,PS0140,civilian_targeting,2,0
2016-11-01,2016,11,November,West Bank,Hebron,PS0150,civilian_targeting,1,0
2016-11-01,2016,11,November,West Bank,Tulkarm,PS0110,civilian_targeting,0,0
2016-11-01,2016,11,November,West Bank,Tubas,PS0105,civilian_targeting,0,0
2016-12-01,2016,12,December,West Bank,Jenin,PS0101,civilian_targeting,0,0
2016-12-01,2016,12,December,West Bank,Jericho,PS0135,civilian_targeting,0,0
2016-12-01,2016,12,December,West Bank,Qalqilya,PS0120,civilian_targeting,2,0
2016-12-01,2016,12,December,West Bank,Salfit,PS0125,civilian_targeting,0,0
2016-12-01,2016,12,December,West Bank,Nablus,PS0115,civilian_targeting,2,0
2016-12-01,2016,12,December,West Bank,Ramallah and Al Bireh,PS0130,civilian_targeting,3,0
2016-12-01,2016,12,December,West Bank,Bethlehem,PS0145,civilian_targeting,2,0
2016-12-01,2016,12,December,West Bank,Al Quds,PS0140,civilian_targeting,1,0
2016-12-01,2016,12,December,West Bank,Hebron,PS0150,civilian_targeting,0,0
2016-12-01,2016,12,December,West Bank,Tulkarm,PS0110,civilian_targeting,0,0
2016-12-01,2016,12,December,West Bank,Tubas,PS0105,civilian_targeting,0,0
2017-01-01,2017,1,January,West Bank,Jenin,PS0101,civilian_targeting,1,0
2017-01-01,2017,1,January,West Bank,Jericho,PS0135,civilian_targeting,0,0
2017-01-01,2017,1,January,West Bank,Qalqilya,PS0120,civilian_targeting,0,0
2017-01-01,2017,1,January,West Bank,Salfit,PS0125,civilian_targeting,0,0
2017-01-01,2017,1,January,West Bank,Nablus,PS0115,civilian_targeting,3,0
2017-01-01,2017,1,January,West Bank,Ramallah and Al Bireh,PS0130,civilian_targeting,3,0
2017-01-01,2017,1,January,West Bank,Bethlehem,PS0145,civilian_targeting,1,0
2017-01-01,2017,1,January,West Bank,Al Quds,PS0140,civilian_targeting,1,0
2017-01-01,2017,1,January,West Bank,Hebron,PS0150,civilian_targeting,2,1
2017-01-01,2017,1,January,West Bank,Tulkarm,PS0110,civilian_targeting,2,0
2017-01-01,2017,1,January,West Bank,Tubas,PS0105,civilian_targeting,1,1
2017-02-01,2017,2,February,West Bank,Jenin,PS0101,civilian_targeting,0,0
2017-02-01,2017,2,February,West Bank,Jericho,PS0135,civilian_targeting,0,0
2017-02-01,2017,2,February,West Bank,Qalqilya,PS0120,civilian_targeting,0,0
2017-02-01,2017,2,February,West Bank,Salfit,PS0125,civilian_targeting,1,0
2017-02-01,2017,2,February,West Bank,Nablus,PS0115,civilian_targeting,3,0
2017-02-01,2017,2,February,West Bank,Ramallah and Al Bireh,PS0130,civilian_targeting,2,1
2017-02-01,2017,2,February,West Bank,Bethlehem,PS0145,civilian_targeting,3,1
2017-02-01,2017,2,February,West Bank,Al Quds,PS0140,civilian_targeting,4,0
2017-02-01,2017,2,February,West Bank,Hebron,PS0150,civilian_targeting,3,0
2017-02-01,2017,2,February,West Bank,Tulkarm,PS0110,civilian_targeting,0,0
2017-02-01,2017,2,February,West Bank,Tubas,PS0105,civilian_targeting,1,0
2017-03-01,2017,3,March,West Bank,Jenin,PS0101,civilian_targeting,0,0
2017-03-01,2017,3,March,West Bank,Jericho,PS0135,civilian_targeting,0,0
2017-03-01,2017,3,March,West Bank,Qalqilya,PS0120,civilian_targeting,2,0
2017-03-01,2017,3,March,West Bank,Salfit,PS0125,civilian_targeting,0,0
2017-03-01,2017,3,March,West Bank,Nablus,PS0115,civilian_targeting,4,0
2017-03-01,2017,3,March,West Bank,Ramallah and Al Bireh,PS0130,civilian_targeting,2,0
2017-03-01,2017,3,March,West Bank,Bethlehem,PS0145,civilian_targeting,1,0
2017-03-01,2017,3,March,West Bank,Al Quds,PS0140,civilian_targeting,4,0
2017-03-01,2017,3,March,West Bank,Hebron,PS0150,civilian_targeting,1,0
2017-03-01,2017,3,March,West Bank,Tulkarm,PS0110,civilian_targeting,0,0
2017-03-01,2017,3,March,West Bank,Tubas,PS0105,civilian_targeting,1,0
2017-04-01,2017,4,April,West Bank,Jenin,PS0101,civilian_targeting,2,0
2017-04-01,2017,4,April,West Bank,Jericho,PS0135,civilian_targeting,0,0
2017-04-01,2017,4,April,West Bank,Qalqilya,PS0120,civilian_targeting,0,0
2017-04-01,2017,4,April,West Bank,Salfit,PS0125,civilian_targeting,0,0
2017-04-01,2017,4,April,West Bank,Nablus,PS0115,civilian_targeting,4,0
2017-04-01,2017,4,April,West Bank,Ramallah and Al Bireh,PS0130,civilian_targeting,1,0
2017-04-01,2017,4,April,West Bank,Bethlehem,PS0145,civilian_targeting,2,1
2017-04-01,2017,4,April,West Bank,Al Quds,PS0140,civilian_targeting,2,0
2017-04-01,2017,4,April,West Bank,Hebron,PS0150,civilian_targeting,4,0
2017-04-01,2017,4,April,West Bank,Tulkarm,PS0110,civilian_targeting,0,0
2017-04-01,2017,4,April,West Bank,Tubas,PS0105,civilian_targeting,0,0
2017-05-01,2017,5,May,West Bank,Jenin,PS0101,civilian_targeting,0,0
2017-05-01,2017,5,May,West Bank,Jericho,PS0135,civilian_targeting,0,0
2017-05-01,2017,5,May,West Bank,Qalqilya,PS0120,civilian_targeting,0,0
2017-05-01,2017,5,May,West Bank,Salfit,PS0125,civilian_targeting,0,0
2017-05-01,2017,5,May,West Bank,Nablus,PS0115,civilian_targeting,2,0
2017-05-01,2017,5,May,West Bank,Ramallah and Al Bireh,PS0130,civilian_targeting,2,0
2017-05-01,2017,5,May,West Bank,Bethlehem,PS0145,civilian_targeting,1,0
2017-05-01,2017,5,May,West Bank,Al Quds,PS0140,civilian_targeting,3,0
2017-05-01,2017,5,May,West Bank,Hebron,PS0150,civilian_targeting,4,0
2017-05-01,2017,5,May,West Bank,Tulkarm,PS0110,civilian_targeting,0,0
2017-05-01,2017,5,May,West Bank,Tubas,PS0105,civilian_targeting,0,0
2017-06-01,2017,6,June,West Bank,Jenin,PS0101,civilian_targeting,0,0
2017-06-01,2017,6,June,West Bank,Jericho,PS0135,civilian_targeting,0,0
2017-06-01,2017,6,June,West Bank,Qalqilya,PS0120,civilian_targeting,0,0
2017-06-01,2017,6,June,West Bank,Salfit,PS0125,civilian_targeting,0,0
2017-06-01,2017,6,June,West Bank,Nablus,PS0115,civilian_targeting,2,0
2017-06-01,2017,6,June,West Bank,Ramallah and Al Bireh,PS0130,civilian_targeting,3,0
2017-06-01,2017,6,June,West Bank,Bethlehem,PS0145,civilian_targeting,2,0
2017-06-01,2017,6,June,West Bank,Al Quds,PS0140,civilian_targeting,8,0
2017-06-01,2017,6,June,West Bank,Hebron,PS0150,civilian_targeting,0,0
2017-06-01,2017,6,June,West Bank,Tulkarm,PS0110,civilian_targeting,0,0
2017-06-01,2017,6,June,West Bank,Tubas,PS0105,civilian_targeting,0,0
2017-07-01,2017,7,July,West Bank,Jenin,PS0101,civilian_targeting,1,0
2017-07-01,2017,7,July,West Bank,Jericho,PS0135,civilian_targeting,0,0
2017-07-01,2017,7,July,West Bank,Qalqilya,PS0120,civilian_targeting,0,0
2017-07-01,2017,7,July,West Bank,Salfit,PS0125,civilian_targeting,1,0
2017-07-01,2017,7,July,West Bank,Nablus,PS0115,civilian_targeting,4,0
2017-07-01,2017,7,July,West Bank,Ramallah and Al Bireh,PS0130,civilian_targeting,6,3
2017-07-01,2017,7,July,West Bank,Bethlehem,PS0145,civilian_targeting,4,1
2017-07-01,2017,7,July,West Bank,Al Quds,PS0140,civilian_targeting,3,0
2017-07-01,2017,7,July,West Bank,Hebron,PS0150,civilian_targeting,8,0
2017-07-01,2017,7,July,West Bank,Tulkarm,PS0110,civilian_targeting,1,0
2017-07-01,2017,7,July,West Bank,Tubas,PS0105,civilian_targeting,0,0
2017-08-01,2017,8,August,West Bank,Jenin,PS0101,civilian_targeting,1,0
2017-08-01,2017,8,August,West Bank,Jericho,PS0135,civilian_targeting,0,0
2017-08-01,2017,8,August,West Bank,Qalqilya,PS0120,civilian_targeting,0,0
2017-08-01,2017,8,August,West Bank,Salfit,PS0125,civilian_targeting,0,0
2017-08-01,2017,8,August,West Bank,Nablus,PS0115,civilian_targeting,2,1
2017-08-01,2017,8,August,West Bank,Ramallah and Al Bireh,PS0130,civilian_targeting,3,0
2017-08-01,2017,8,August,West Bank,Bethlehem,PS0145,civilian_targeting,0,0
2017-08-01,2017,8,August,West Bank,Al Quds,PS0140,civilian_targeting,4,0
2017-08-01,2017,8,August,West Bank,Hebron,PS0150,civilian_targeting,6,0
2017-08-01,2017,8,August,West Bank,Tulkarm,PS0110,civilian_targeting,0,0
2017-08-01,2017,8,August,West Bank,Tubas,PS0105,civilian_targeting,0,0
2017-09-01,2017,9,September,West Bank,Jenin,PS0101,civilian_targeting,0,0
2017-09-01,2017,9,September,West Bank,Jericho,PS0135,civilian_targeting,0,0
2017-09-01,2017,9,September,West Bank,Qalqilya,PS0120,civilian_targeting,2,0
2017-09-01,2017,9,September,West Bank,Salfit,PS0125,civilian_targeting,0,0
2017-09-01,2017,9,September,West Bank,Nablus,PS0115,civilian_targeting,1,0
2017-09-01,2017,9,September,West Bank,Ramallah and Al Bireh,PS0130,civilian_targeting,0,0
2017-09-01,2017,9,September,West Bank,Bethlehem,PS0145,civilian_targeting,0,0
2017-09-01,2017,9,September,West Bank,Al Quds,PS0140,civilian_targeting,1,0
2017-09-01,2017,9,September,West Bank,Hebron,PS0150,civilian_targeting,5,0
2017-09-01,2017,9,September,West Bank,Tulkarm,PS0110,civilian_targeting,0,0
2017-09-01,2017,9,September,West Bank,Tubas,PS0105,civilian_targeting,0,0
2017-10-01,2017,10,October,West Bank,Jenin,PS0101,civilian_targeting,0,0
2017-10-01,2017,10,October,West Bank,Jericho,PS0135,civilian_targeting,0,0
2017-10-01,2017,10,October,West Bank,Qalqilya,PS0120,civilian_targeting,1,0
2017-10-01,2017,10,October,West Bank,Salfit,PS0125,civilian_targeting,0,0
2017-10-01,2017,10,October,West Bank,Nablus,PS0115,civilian_targeting,5,0
2017-10-01,2017,10,October,West Bank,Ramallah and Al Bireh,PS0130,civilian_targeting,2,1
2017-10-01,2017,10,October,West Bank,Bethlehem,PS0145,civilian_targeting,1,0
2017-10-01,2017,10,October,West Bank,Al Quds,PS0140,civilian_targeting,2,0
2017-10-01,2017,10,October,West Bank,Hebron,PS0150,civilian_targeting,7,0
2017-10-01,2017,10,October,West Bank,Tulkarm,PS0110,civilian_targeting,0,0
2017-10-01,2017,10,October,West Bank,Tubas,PS0105,civilian_targeting,0,0
2017-11-01,2017,11,November,West Bank,Jenin,PS0101,civilian_targeting,0,0
2017-11-01,2017,11,November,West Bank,Jericho,PS0135,civilian_targeting,0,0
2017-11-01,2017,11,November,West Bank,Qalqilya,PS0120,civilian_targeting,1,0
2017-11-01,2017,11,November,West Bank,Salfit,PS0125,civilian_targeting,0,0
2017-11-01,2017,11,November,West Bank,Nablus,PS0115,civilian_targeting,5,1
2017-11-01,2017,11,November,West Bank,Ramallah and Al Bireh,PS0130,civilian_targeting,1,0
2017-11-01,2017,11,November,West Bank,Bethlehem,PS0145,civilian_targeting,2,0
2017-11-01,2017,11,November,West Bank,Al Quds,PS0140,civilian_targeting,2,0
2017-11-01,2017,11,November,West Bank,Hebron,PS0150,civilian_targeting,2,0
2017-11-01,2017,11,November,West Bank,Tulkarm,PS0110,civilian_targeting,0,0
2017-11-01,2017,11,November,West Bank,Tubas,PS0105,civilian_targeting,1,0
2017-12-01,2017,12,December,West Bank,Jenin,PS0101,civilian_targeting,2,0
2017-12-01,2017,12,December,West Bank,Jericho,PS0135,civilian_targeting,1,1
2017-12-01,2017,12,December,West Bank,Qalqilya,PS0120,civilian_targeting,0,0
2017-12-01,2017,12,December,West Bank,Salfit,PS0125,civilian_targeting,1,0
2017-12-01,2017,12,December,West Bank,Nablus,PS0115,civilian_targeting,0,0
2017-12-01,2017,12,December,West Bank,Ramallah and Al Bireh,PS0130,civilian_targeting,2,0
2017-12-01,2017,12,December,West Bank,Bethlehem,PS0145,civilian_targeting,3,0
2017-12-01,2017,12,December,West Bank,Al Quds,PS0140,civilian_targeting,8,0
2017-12-01,2017,12,December,West Bank,Hebron,PS0150,civilian_targeting,3,0
2017-12-01,2017,12,December,West Bank,Tulkarm,PS0110,civilian_targeting,0,0
2017-12-01,2017,12,December,West Bank,Tubas,PS0105,civilian_targeting,0,0
2018-01-01,2018,1,January,West Bank,Jenin,PS0101,civilian_targeting,1,0
2018-01-01,2018,1,January,West Bank,Jericho,PS0135,civilian_targeting,3,0
2018-01-01,2018,1,January,West Bank,Qalqilya,PS0120,civilian_targeting,4,0
2018-01-01,2018,1,January,West Bank,Salfit,PS0125,civilian_targeting,5,0
2018-01-01,2018,1,January,West Bank,Nablus,PS0115,civilian_targeting,24,2
2018-01-01,2018,1,January,West Bank,Ramallah and Al Bireh,PS0130,civilian_targeting,6,0
2018-01-01,2018,1,January,West Bank,Bethlehem,PS0145,civilian_targeting,10,1
2018-01-01,2018,1,January,West Bank,Al Quds,PS0140,civilian_targeting,13,0
2018-01-01,2018,1,January,West Bank,Hebron,PS0150,civilian_targeting,15,0
2018-01-01,2018,1,January,West Bank,Tulkarm,PS0110,civilian_targeting,2,0
2018-01-01,2018,1,January,West Bank,Tubas,PS0105,civilian_targeting,0,0
2018-02-01,2018,2,February,West Bank,Jenin,PS0101,civilian_targeting,3,0
2018-02-01,2018,2,February,West Bank,Jericho,PS0135,civilian_targeting,0,0
2018-02-01,2018,2,February,West Bank,Qalqilya,PS0120,civilian_targeting,6,0
2018-02-01,2018,2,February,West Bank,Salfit,PS0125,civilian_targeting,10,1
2018-02-01,2018,2,February,West Bank,Nablus,PS0115,civilian_targeting,22,0
2018-02-01,2018,2,February,West Bank,Ramallah and Al Bireh,PS0130,civilian_targeting,10,0
2018-02-01,2018,2,February,West Bank,Bethlehem,PS0145,civilian_targeting,10,0
2018-02-01,2018,2,February,West Bank,Al Quds,PS0140,civilian_targeting,9,0
2018-02-01,2018,2,February,West Bank,Hebron,PS0150,civilian_targeting,15,0
2018-02-01,2018,2,February,West Bank,Tulkarm,PS0110,civilian_targeting,0,0
2018-02-01,2018,2,February,West Bank,Tubas,PS0105,civilian_targeting,3,0
2018-03-01,2018,3,March,West Bank,Jenin,PS0101,civilian_targeting,0,0
2018-03-01,2018,3,March,West Bank,Jericho,PS0135,civilian_targeting,3,0
2018-03-01,2018,3,March,West Bank,Qalqilya,PS0120,civilian_targeting,5,0
2018-03-01,2018,3,March,West Bank,Salfit,PS0125,civilian_targeting,1,0
2018-03-01,2018,3,March,West Bank,Nablus,PS0115,civilian_targeting,11,0
2018-03-01,2018,3,March,West Bank,Ramallah and Al Bireh,PS0130,civilian_targeting,7,0
2018-03-01,2018,3,March,West Bank,Bethlehem,PS0145,civilian_targeting,7,0
2018-03-01,2018,3,March,West Bank,Al Quds,PS0140,civilian_targeting,16,2
2018-03-01,2018,3,March,West Bank,Hebron,PS0150,civilian_targeting,26,0
2018-03-01,2018,3,March,West Bank,Tulkarm,PS0110,civilian_targeting,0,0
2018-03-01,2018,3,March,West Bank,Tubas,PS0105,civilian_targeting,1,0
2018-04-01,2018,4,April,West Bank,Jenin,PS0101,civilian_targeting,3,0
2018-04-01,2018,4,April,West Bank,Jericho,PS0135,civilian_targeting,1,0
2018-04-01,2018,4,April,West Bank,Qalqilya,PS0120,civilian_targeting,6,0
2018-04-01,2018,4,April,West Bank,Salfit,PS0125,civilian_targeting,6,1
2018-04-01,2018,4,April,West Bank,Nablus,PS0115,civilian_targeting,15,0
2018-04-01,2018,4,April,West Bank,Ramallah and Al Bireh,PS0130,civilian_targeting,11,1
2018-04-01,2018,4,April,West Bank,Bethlehem,PS0145,civilian_targeting,11,0
2018-04-01,2018,4,April,West Bank,Al Quds,PS0140,civilian_targeting,10,1
2018-04-01,2018,4,April,West Bank,Hebron,PS0150,civilian_targeting,14,0
2018-04-01,2018,4,April,West Bank,Tulkarm,PS0110,civilian_targeting,1,1
2018-04-01,2018,4,April,West Bank,Tubas,PS0105,civilian_targeting,0,0
2018-05-01,2018,5,May,West Bank,Jenin,PS0101,civilian_targeting,0,0
2018-05-01,2018,5,May,West Bank,Jericho,PS0135,civilian_targeting,0,0
2018-05-01,2018,5,May,West Bank,Qalqilya,PS0120,civilian_targeting,2,0
2018-05-01,2018,5,May,West Bank,Salfit,PS0125,civilian_targeting,3,0
2018-05-01,2018,5,May,West Bank,Nablus,PS0115,civilian_targeting,7,0
2018-05-01,2018,5,May,West Bank,Ramallah and Al Bireh,PS0130,civilian_targeting,8,0
2018-05-01,2018,5,May,West Bank,Bethlehem,PS0145,civilian_targeting,8,0
2018-05-01,2018,5,May,West Bank,Al Quds,PS0140,civilian_targeting,13,0
2018-05-01,2018,5,May,West Bank,Hebron,PS0150,civilian_targeting,11,0
2018-05-01,2018,5,May,West Bank,Tulkarm,PS0110,civilian_targeting,0,0
2018-05-01,2018,5,May,West Bank,Tubas,PS0105,civilian_targeting,1,0
2018-06-01,2018,6,June,West Bank,Jenin,PS0101,civilian_targeting,0,0
2018-06-01,2018,6,June,West Bank,Jericho,PS0135,civilian_targeting,0,0
2018-06-01,2018,6,June,West Bank,Qalqilya,PS0120,civilian_targeting,4,0
2018-06-01,2018,6,June,West Bank,Salfit,PS0125,civilian_targeting,0,0
2018-06-01,2018,6,June,West Bank,Nablus,PS0115,civilian_targeting,16,0
2018-06-01,2018,6,June,West Bank,Ramallah and Al Bireh,PS0130,civilian_targeting,4,0
2018-06-01,2018,6,June,West Bank,Bethlehem,PS0145,civilian_targeting,8,0
2018-06-01,2018,6,June,West Bank,Al Quds,PS0140,civilian_targeting,9,0
2018-06-01,2018,6,June,West Bank,Hebron,PS0150,civilian_targeting,14,1
2018-06-01,2018,6,June,West Bank,Tulkarm,PS0110,civilian_targeting,1,0
2018-06-01,2018,6,June,West Bank,Tubas,PS0105,civilian_targeting,0,0
2018-07-01,2018,7,July,West Bank,Jenin,PS0101,civilian_targeting,2,0
2018-07-01,2018,7,July,West Bank,Jericho,PS0135,civilian_targeting,0,0
2018-07-01,2018,7,July,West Bank,Qalqilya,PS0120,civilian_targeting,3,0
2018-07-01,2018,7,July,West Bank,Salfit,PS0125,civilian_targeting,0,0
2018-07-01,2018,7,July,West Bank,Nablus,PS0115,civilian_targeting,7,0
2018-07-01,2018,7,July,West Bank,Ramallah and Al Bireh,PS0130,civilian_targeting,7,0
2018-07-01,2018,7,July,West Bank,Bethlehem,PS0145,civilian_targeting,3,0
2018-07-01,2018,7,July,West Bank,Al Quds,PS0140,civilian_targeting,11,1
2018-07-01,2018,7,July,West Bank,Hebron,PS0150,civilian_targeting,11,0
2018-07-01,2018,7,July,West Bank,Tulkarm,PS0110,civilian_targeting,0,0
2018-07-01,2018,7,July,West Bank,Tubas,PS0105,civilian_targeting,0,0
2018-08-01,2018,8,August,West Bank,Jenin,PS0101,civilian_targeting,1,0
2018-08-01,2018,8,August,West Bank,Jericho,PS0135,civilian_targeting,0,0
2018-08-01,2018,8,August,West Bank,Qalqilya,PS0120,civilian_targeting,1,0
2018-08-01,2018,8,August,West Bank,Salfit,PS0125,civilian_targeting,9,0
2018-08-01,2018,8,August,West Bank,Nablus,PS0115,civilian_targeting,12,0
2018-08-01,2018,8,August,West Bank,Ramallah and Al Bireh,PS0130,civilian_targeting,10,1
2018-08-01,2018,8,August,West Bank,Bethlehem,PS0145,civilian_targeting,10,0
2018-08-01,2018,8,August,West Bank,Al Quds,PS0140,civilian_targeting,11,0
2018-08-01,2018,8,August,West Bank,Hebron,PS0150,civilian_targeting,13,0
2018-08-01,2018,8,August,West Bank,Tulkarm,PS0110,civilian_targeting,0,0
2018-08-01,2018,8,August,West Bank,Tubas,PS0105,civilian_targeting,0,0
2018-09-01,2018,9,September,West Bank,Jenin,PS0101,civilian_targeting,1,0
2018-09-01,2018,9,September,West Bank,Jericho,PS0135,civilian_targeting,0,0
2018-09-01,2018,9,September,West Bank,Qalqilya,PS0120,civilian_targeting,5,0
2018-09-01,2018,9,September,West Bank,Salfit,PS0125,civilian_targeting,0,0
2018-09-01,2018,9,September,West Bank,Nablus,PS0115,civilian_targeting,15,0
2018-09-01,2018,9,September,West Bank,Ramallah and Al Bireh,PS0130,civilian_targeting,12,1
2018-09-01,2018,9,September,West Bank,Bethlehem,PS0145,civilian_targeting,4,0
2018-09-01,2018,9,September,West Bank,Al Quds,PS0140,civilian_targeting,11,0
2018-09-01,2018,9,September,West Bank,Hebron,PS0150,civilian_targeting,17,0
2018-09-01,2018,9,September,West Bank,Tulkarm,PS0110,civilian_targeting,0,0
2018-09-01,2018,9,September,West Bank,Tubas,PS0105,civilian_targeting,0,0
2018-10-01,2018,10,October,West Bank,Jenin,PS0101,civilian_targeting,0,0
2018-10-01,2018,10,October,West Bank,Jericho,PS0135,civilian_targeting,0,0
2018-10-01,2018,10,October,West Bank,Qalqilya,PS0120,civilian_targeting,8,0
2018-10-01,2018,10,October,West Bank,Salfit,PS0125,civilian_targeting,12,3
2018-10-01,2018,10,October,West Bank,Nablus,PS0115,civilian_targeting,22,0
2018-10-01,2018,10,October,West Bank,Ramallah and Al Bireh,PS0130,civilian_targeting,10,0
2018-10-01,2018,10,October,West Bank,Bethlehem,PS0145,civilian_targeting,10,0
2018-10-01,2018,10,October,West Bank,Al Quds,PS0140,civilian_targeting,13,0
2018-10-01,2018,10,October,West Bank,Hebron,PS0150,civilian_targeting,14,0
2018-10-01,2018,10,October,West Bank,Tulkarm,PS0110,civilian_targeting,0,0
2018-10-01,2018,10,October,West Bank,Tubas,PS0105,civilian_targeting,0,0
2018-11-01,2018,11,November,West Bank,Jenin,PS0101,civilian_targeting,1,0
2018-11-01,2018,11,November,West Bank,Jericho,PS0135,civilian_targeting,2,0
2018-11-01,2018,11,November,West Bank,Qalqilya,PS0120,civilian_targeting,3,0
2018-11-01,2018,11,November,West Bank,Salfit,PS0125,civilian_targeting,4,0
2018-11-01,2018,11,November,West Bank,Nablus,PS0115,civilian_targeting,24,0
2018-11-01,2018,11,November,West Bank,Ramallah and Al Bireh,PS0130,civilian_targeting,19,0
2018-11-01,2018,11,November,West Bank,Bethlehem,PS0145,civilian_targeting,5,0
2018-11-01,2018,11,November,West Bank,Al Quds,PS0140,civilian_targeting,10,0
2018-11-01,2018,11,November,West Bank,Hebron,PS0150,civilian_targeting,21,0
2018-11-01,2018,11,November,West Bank,Tulkarm,PS0110,civilian_targeting,1,0
2018-11-01,2018,11,November,West Bank,Tubas,PS0105,civilian_targeting,0,0
2018-12-01,2018,12,December,West Bank,Jenin,PS0101,civilian_targeting,5,0
2018-12-01,2018,12,December,West Bank,Jericho,PS0135,civilian_targeting,2,0
2018-12-01,2018,12,December,West Bank,Qalqilya,PS0120,civilian_targeting,9,0
2018-12-01,2018,12,December,West Bank,Salfit,PS0125,civilian_targeting,13,0
2018-12-01,2018,12,December,West Bank,Nablus,PS0115,civilian_targeting,47,0
2018-12-01,2018,12,December,West Bank,Ramallah and Al Bireh,PS0130,civilian_targeting,39,2
2018-12-01,2018,12,December,West Bank,Bethlehem,PS0145,civilian_targeting,22,0
2018-12-01,2018,12,December,West Bank,Al Quds,PS0140,civilian_targeting,20,0
2018-12-01,2018,12,December,West Bank,Hebron,PS0150,civilian_targeting,23,0
2018-12-01,2018,12,December,West Bank,Tulkarm,PS0110,civilian_targeting,1,0
2018-12-01,2018,12,December,West Bank,Tubas,PS0105,civilian_targeting,0,0
2019-01-01,2019,1,January,West Bank,Jenin,PS0101,civilian_targeting,3,0
2019-01-01,2019,1,January,West Bank,Jericho,PS0135,civilian_targeting,2,0
2019-01-01,2019,1,January,West Bank,Qalqilya,PS0120,civilian_targeting,5,0
2019-01-01,2019,1,January,West Bank,Salfit,PS0125,civilian_targeting,12,0
2019-01-01,2019,1,January,West Bank,Nablus,PS0115,civilian_targeting,10,0
2019-01-01,2019,1,January,West Bank,Ramallah and Al Bireh,PS0130,civilian_targeting,15,0
2019-01-01,2019,1,January,West Bank,Bethlehem,PS0145,civilian_targeting,18,0
2019-01-01,2019,1,January,West Bank,Al Quds,PS0140,civilian_targeting,11,1
2019-01-01,2019,1,January,West Bank,Hebron,PS0150,civilian_targeting,18,0
2019-01-01,2019,1,January,West Bank,Tulkarm,PS0110,civilian_targeting,1,0
2019-01-01,2019,1,January,West Bank,Tubas,PS0105,civilian_targeting,3,0
2019-02-01,2019,2,February,West Bank,Jenin,PS0101,civilian_targeting,4,0
2019-02-01,2019,2,February,West Bank,Jericho,PS0135,civilian_targeting,0,0
2019-02-01,2019,2,February,West Bank,Qalqilya,PS0120,civilian_targeting,4,0
2019-02-01,2019,2,February,West Bank,Salfit,PS0125,civilian_targeting,3,0
2019-02-01,2019,2,February,West Bank,Nablus,PS0115,civilian_targeting,15,0
2019-02-01,2019,2,February,West Bank,Ramallah and Al Bireh,PS0130,civilian_targeting,21,0
2019-02-01,2019,2,February,West Bank,Bethlehem,PS0145,civilian_targeting,12,0
2019-02-01,2019,2,February,West Bank,Al Quds,PS0140,civilian_targeting,12,0
2019-02-01,2019,2,February,West Bank,Hebron,PS0150,civilian_targeting,22,0
2019-02-01,2019,2,February,West Bank,Tulkarm,PS0110,civilian_targeting,0,0
2019-02-01,2019,2,February,West Bank,Tubas,PS0105,civilian_targeting,1,0
2019-03-01,2019,3,March,West Bank,Jenin,PS0101,civilian_targeting,2,0
2019-03-01,2019,3,March,West Bank,Jericho,PS0135,civilian_targeting,2,1
2019-03-01,2019,3,March,West Bank,Qalqilya,PS0120,civilian_targeting,9,0
2019-03-01,2019,3,March,West Bank,Salfit,PS0125,civilian_targeting,9,0
2019-03-01,2019,3,March,West Bank,Nablus,PS0115,civilian_targeting,19,0
2019-03-01,2019,3,March,West Bank,Ramallah and Al Bireh,PS0130,civilian_targeting,13,0
2019-03-01,2019,3,March,West Bank,Bethlehem,PS0145,civilian_targeting,10,2
2019-03-01,2019,3,March,West Bank,Al Quds,PS0140,civilian_targeting,9,0
2019-03-01,2019,3,March,West Bank,Hebron,PS0150,civilian_targeting,13,0
2019-03-01,2019,3,March,West Bank,Tulkarm,PS0110,civilian_targeting,0,0
2019-03-01,2019,3,March,West Bank,Tubas,PS0105,civilian_targeting,1,0
2019-04-01,2019,4,April,West Bank,Jenin,PS0101,civilian_targeting,0,0
2019-04-01,2019,4,April,West Bank,Jericho,PS0135,civilian_targeting,1,0
2019-04-01,2019,4,April,West Bank,Qalqilya,PS0120,civilian_targeting,7,0
2019-04-01,2019,4,April,West Bank,Salfit,PS0125,civilian_targeting,3,0
2019-04-01,2019,4,April,West Bank,Nablus,PS0115,civilian_targeting,7,0
2019-04-01,2019,4,April,West Bank,Ramallah and Al Bireh,PS0130,civilian_targeting,19,0
2019-04-01,2019,4,April,West Bank,Bethlehem,PS0145,civilian_targeting,8,1
2019-04-01,2019,4,April,West Bank,Al Quds,PS0140,civilian_targeting,9,0
2019-04-01,2019,4,April,West Bank,Hebron,PS0150,civilian_targeting,13,0
2019-04-01,2019,4,April,West Bank,Tulkarm,PS0110,civilian_targeting,1,0
2019-04-01,2019,4,April,West Bank,Tubas,PS0105,civilian_targeting,1,0
2019-05-01,2019,5,May,West Bank,Jenin,PS0101,civilian_targeting,3,0
2019-05-01,2019,5,May,West Bank,Jericho,PS0135,civilian_targeting,1,0
2019-05-01,2019,5,May,West Bank,Qalqilya,PS0120,civilian_targeting,3,1
2019-05-01,2019,5,May,West Bank,Salfit,PS0125,civilian_targeting,2,0
2019-05-01,2019,5,May,West Bank,Nablus,PS0115,civilian_targeting,11,0
2019-05-01,2019,5,May,West Bank,Ramallah and Al Bireh,PS0130,civilian_targeting,4,0
2019-05-01,2019,5,May,West Bank,Bethlehem,PS0145,civilian_targeting,5,0
2019-05-01,2019,5,May,West Bank,Al Quds,PS0140,civilian_targeting,13,1
2019-05-01,2019,5,May,West Bank,Hebron,PS0150,civilian_targeting,18,0
2019-05-01,2019,5,May,West Bank,Tulkarm,PS0110,civilian_targeting,1,0
2019-05-01,2019,5,May,West Bank,Tubas,PS0105,civilian_targeting,1,0
2019-06-01,2019,6,June,West Bank,Jenin,PS0101,civilian_targeting,2,0
2019-06-01,2019,6,June,West Bank,Jericho,PS0135,civilian_targeting,1,0
2019-06-01,2019,6,June,West Bank,Qalqilya,PS0120,civilian_targeting,1,0
2019-06-01,2019,6,June,West Bank,Salfit,PS0125,civilian_targeting,6,0
2019-06-01,2019,6,June,West Bank,Nablus,PS0115,civilian_targeting,8,0
2019-06-01,2019,6,June,West Bank,Ramallah and Al Bireh,PS0130,civilian_targeting,7,0
2019-06-01,2019,6,June,West Bank,Bethlehem,PS0145,civilian_targeting,0,0
2019-06-01,2019,6,June,West Bank,Al Quds,PS0140,civilian_targeting,13,1
2019-06-01,2019,6,June,West Bank,Hebron,PS0150,civilian_targeting,14,0
2019-06-01,2019,6,June,West Bank,Tulkarm,PS0110,civilian_targeting,0,0
2019-06-01,2019,6,June,West Bank,Tubas,PS0105,civilian_targeting,0,0
2019-07-01,2019,7,July,West Bank,Jenin,PS0101,civilian_targeting,2,0
2019-07-01,2019,7,July,West Bank,Jericho,PS0135,civilian_targeting,0,0
2019-07-01,2019,7,July,West Bank,Qalqilya,PS0120,civilian_targeting,1,0
2019-07-01,2019,7,July,West Bank,Salfit,PS0125,civilian_targeting,3,0
2019-07-01,2019,7,July,West Bank,Nablus,PS0115,civilian_targeting,5,1
2019-07-01,2019,7,July,West Bank,Ramallah and Al Bireh,PS0130,civilian_targeting,11,0
2019-07-01,2019,7,July,West Bank,Bethlehem,PS0145,civilian_targeting,0,0
2019-07-01,2019,7,July,West Bank,Al Quds,PS0140,civilian_targeting,11,0
2019-07-01,2019,7,July,West Bank,Hebron,PS0150,civilian_targeting,7,2
2019-07-01,2019,7,July,West Bank,Tulkarm,PS0110,civilian_targeting,0,0
2019-07-01,2019,7,July,West Bank,Tubas,PS0105,civilian_targeting,0,0
2019-08-01,2019,8,August,West Bank,Jenin,PS0101,civilian_targeting,1,0
2019-08-01,2019,8,August,West Bank,Jericho,PS0135,civilian_targeting,0,0
2019-08-01,2019,8,August,West Bank,Qalqilya,PS0120,civilian_targeting,2,0
2019-08-01,2019,8,August,West Bank,Salfit,PS0125,civilian_targeting,2,0
2019-08-01,2019,8,August,West Bank,Nablus,PS0115,civilian_targeting,11,0
2019-08-01,2019,8,August,West Bank,Ramallah and Al Bireh,PS0130,civilian_targeting,16,1
2019-08-01,2019,8,August,West Bank,Bethlehem,PS0145,civilian_targeting,8,1
2019-08-01,2019,8,August,West Bank,Al Quds,PS0140,civilian_targeting,13,0
2019-08-01,2019,8,August,West Bank,Hebron,PS0150,civilian_targeting,12,1
2019-08-01,2019,8,August,West Bank,Tulkarm,PS0110,civilian_targeting,2,0
2019-08-01,2019,8,August,West Bank,Tubas,PS0105,civilian_targeting,0,0
2019-09-01,2019,9,September,West Bank,Jenin,PS0101,civilian_targeting,1,0
2019-09-01,2019,9,September,West Bank,Jericho,PS0135,civilian_targeting,1,0
2019-09-01,2019,9,September,West Bank,Qalqilya,PS0120,civilian_targeting,4,0
2019-09-01,2019,9,September,West Bank,Salfit,PS0125,civilian_targeting,4,0
2019-09-01,2019,9,September,West Bank,Nablus,PS0115,civilian_targeting,7,0
2019-09-01,2019,9,September,West Bank,Ramallah and Al Bireh,PS0130,civilian_targeting,21,0
2019-09-01,2019,9,September,West Bank,Bethlehem,PS0145,civilian_targeting,1,0
2019-09-01,2019,9,September,West Bank,Al Quds,PS0140,civilian_targeting,5,0
2019-09-01,2019,9,September,West Bank,Hebron,PS0150,civilian_targeting,10,0
2019-09-01,2019,9,September,West Bank,Tulkarm,PS0110,civilian_targeting,2,0
2019-09-01,2019,9,September,West Bank,Tubas,PS0105,civilian_targeting,0,0
2019-10-01,2019,10,October,West Bank,Jenin,PS0101,civilian_targeting,16,0
2019-10-01,2019,10,October,West Bank,Jericho,PS0135,civilian_targeting,2,0
2019-10-01,2019,10,October,West Bank,Qalqilya,PS0120,civilian_targeting,5,0
2019-10-01,2019,10,October,West Bank,Salfit,PS0125,civilian_targeting,7,0
2019-10-01,2019,10,October,West Bank,Nablus,PS0115,civilian_targeting,19,1
2019-10-01,2019,10,October,West Bank,Ramallah and Al Bireh,PS0130,civilian_targeting,11,0
2019-10-01,2019,10,October,West Bank,Bethlehem,PS0145,civilian_targeting,9,0
2019-10-01,2019,10,October,West Bank,Al Quds,PS0140,civilian_targeting,5,0
2019-10-01,2019,10,October,West Bank,Hebron,PS0150,civilian_targeting,10,0
2019-10-01,2019,10,October,West Bank,Tulkarm,PS0110,civilian_targeting,9,0
2019-10-01,2019,10,October,West Bank,Tubas,PS0105,civilian_targeting,1,0
2019-11-01,2019,11,November,West Bank,Jenin,PS0101,civilian_targeting,4,0
2019-11-01,2019,11,November,West Bank,Jericho,PS0135,civilian_targeting,0,0
2019-11-01,2019,11,November,West Bank,Qalqilya,PS0120,civilian_targeting,2,0
2019-11-01,2019,11,November,West Bank,Salfit,PS0125,civilian_targeting,5,0
2019-11-01,2019,11,November,West Bank,Nablus,PS0115,civilian_targeting,6,0
2019-11-01,2019,11,November,West Bank,Ramallah and Al Bireh,PS0130,civilian_targeting,10,0
2019-11-01,2019,11,November,West Bank,Bethlehem,PS0145,civilian_targeting,9,0
2019-11-01,2019,11,November,West Bank,Al Quds,PS0140,civilian_targeting,5,1
2019-11-01,2019,11,November,West Bank,Hebron,PS0150,civilian_targeting,17,1
2019-11-01,2019,11,November,West Bank,Tulkarm,PS0110,civilian_targeting,5,0
2019-11-01,2019,11,November,West Bank,Tubas,PS0105,civilian_targeting,1,0
2019-12-01,2019,12,December,West Bank,Jenin,PS0101,civilian_targeting,7,0
2019-12-01,2019,12,December,West Bank,Jericho,PS0135,civilian_targeting,0,0
2019-12-01,2019,12,December,West Bank,Qalqilya,PS0120,civilian_targeting,5,0
2019-12-01,2019,12,December,West Bank,Salfit,PS0125,civilian_targeting,1,0
2019-12-01,2019,12,December,West Bank,Nablus,PS0115,civilian_targeting,8,0
2019-12-01,2019,12,December,West Bank,Ramallah and Al Bireh,PS0130,civilian_targeting,3,0
2019-12-01,2019,12,December,West Bank,Bethlehem,PS0145,civilian_targeting,8,1
2019-12-01,2019,12,December,West Bank,Al Quds,PS0140,civilian_targeting,10,0
2019-12-01,2019,12,December,West Bank,Hebron,PS0150,civilian_targeting,13,1
2019-12-01,2019,12,December,West Bank,Tulkarm,PS0110,civilian_targeting,5,0
2019-12-01,2019,12,December,West Bank,Tubas,PS0105,civilian_targeting,2,0
2020-01-01,2020,1,January,West Bank,Jenin,PS0101,civilian_targeting,0,0
2020-01-01,2020,1,January,West Bank,Jericho,PS0135,civilian_targeting,3,0
2020-01-01,2020,1,January,West Bank,Qalqilya,PS0120,civilian_targeting,4,0
2020-01-01,2020,1,January,West Bank,Salfit,PS0125,civilian_targeting,4,0
2020-01-01,2020,1,January,West Bank,Nablus,PS0115,civilian_targeting,8,0
2020-01-01,2020,1,January,West Bank,Ramallah and Al Bireh,PS0130,civilian_targeting,13,0
2020-01-01,2020,1,January,West Bank,Bethlehem,PS0145,civilian_targeting,10,0
2020-01-01,2020,1,January,West Bank,Al Quds,PS0140,civilian_targeting,13,0
2020-01-01,2020,1,January,West Bank,Hebron,PS0150,civilian_targeting,16,0
2020-01-01,2020,1,January,West Bank,Tulkarm,PS0110,civilian_targeting,0,0
2020-01-01,2020,1,January,West Bank,Tubas,PS0105,civilian_targeting,1,0
2020-02-01,2020,2,February,West Bank,Jenin,PS0101,civilian_targeting,1,0
2020-02-01,2020,2,February,West Bank,Jericho,PS0135,civilian_targeting,2,0
2020-02-01,2020,2,February,West Bank,Qalqilya,PS0120,civilian_targeting,10,0
2020-02-01,2020,2,February,West Bank,Salfit,PS0125,civilian_targeting,3,0
2020-02-01,2020,2,February,West Bank,Nablus,PS0115,civilian_targeting,6,0
2020-02-01,2020,2,February,West Bank,Ramallah and Al Bireh,PS0130,civilian_targeting,23,0
2020-02-01,2020,2,February,West Bank,Bethlehem,PS0145,civilian_targeting,9,0
2020-02-01,2020,2,February,West Bank,Al Quds,PS0140,civilian_targeting,7,0
2020-02-01,2020,2,February,West Bank,Hebron,PS0150,civilian_targeting,12,0
2020-02-01,2020,2,February,West Bank,Tulkarm,PS0110,civilian_targeting,2,0
2020-02-01,2020,2,February,West Bank,Tubas,PS0105,civilian_targeting,5,0
2020-03-01,2020,3,March,West Bank,Jenin,PS0101,civilian_targeting,3,0
2020-03-01,2020,3,March,West Bank,Jericho,PS0135,civilian_targeting,1,0
2020-03-01,2020,3,March,West Bank,Qalqilya,PS0120,civilian_targeting,3,0
2020-03-01,2020,3,March,West Bank,Salfit,PS0125,civilian_targeting,3,0
2020-03-01,2020,3,March,West Bank,Nablus,PS0115,civilian_targeting,14,1
2020-03-01,2020,3,March,West Bank,Ramallah and Al Bireh,PS0130,civilian_targeting,21,0
2020-03-01,2020,3,March,West Bank,Bethlehem,PS0145,civilian_targeting,5,0
2020-03-01,2020,3,March,West Bank,Al Quds,PS0140,civilian_targeting,12,0
2020-03-01,2020,3,March,West Bank,Hebron,PS0150,civilian_targeting,14,0
2020-03-01,2020,3,March,West Bank,Tulkarm,PS0110,civilian_targeting,4,0
2020-03-01,2020,3,March,West Bank,Tubas,PS0105,civilian_targeting,2,0
2020-04-01,2020,4,April,West Bank,Jenin,PS0101,civilian_targeting,2,0
2020-04-01,2020,4,April,West Bank,Jericho,PS0135,civilian_targeting,2,0
2020-04-01,2020,4,April,West Bank,Qalqilya,PS0120,civilian_targeting,5,0
2020-04-01,2020,4,April,West Bank,Salfit,PS0125,civilian_targeting,5,0
2020-04-01,2020,4,April,West Bank,Nablus,PS0115,civilian_targeting,2,0
2020-04-01,2020,4,April,West Bank,Ramallah and Al Bireh,PS0130,civilian_targeting,14,0
2020-04-01,2020,4,April,West Bank,Bethlehem,PS0145,civilian_targeting,6,1
2020-04-01,2020,4,April,West Bank,Al Quds,PS0140,civilian_targeting,8,0
2020-04-01,2020,4,April,West Bank,Hebron,PS0150,civilian_targeting,10,0
2020-04-01,2020,4,April,West Bank,Tulkarm,PS0110,civilian_targeting,3,0
2020-04-01,2020,4,April,West Bank,Tubas,PS0105,civilian_targeting,1,0
2020-05-01,2020,5,May,West Bank,Jenin,PS0101,civilian_targeting,3,0
2020-05-01,2020,5,May,West Bank,Jericho,PS0135,civilian_targeting,1,0
2020-05-01,2020,5,May,West Bank,Qalqilya,PS0120,civilian_targeting,9,0
2020-05-01,2020,5,May,West Bank,Salfit,PS0125,civilian_targeting,1,0
2020-05-01,2020,5,May,West Bank,Nablus,PS0115,civilian_targeting,18,0
2020-05-01,2020,5,May,West Bank,Ramallah and Al Bireh,PS0130,civilian_targeting,11,0
2020-05-01,2020,5,May,West Bank,Bethlehem,PS0145,civilian_targeting,3,0
2020-05-01,2020,5,May,West Bank,Al Quds,PS0140,civilian_targeting,12,1
2020-05-01,2020,5,May,West Bank,Hebron,PS0150,civilian_targeting,11,0
2020-05-01,2020,5,May,West Bank,Tulkarm,PS0110,civilian_targeting,11,0
2020-05-01,2020,5,May,West Bank,Tubas,PS0105,civilian_targeting,0,0
2020-06-01,2020,6,June,West Bank,Jenin,PS0101,civilian_targeting,1,0
2020-06-01,2020,6,June,West Bank,Jericho,PS0135,civilian_targeting,1,0
2020-06-01,2020,6,June,West Bank,Qalqilya,PS0120,civilian_targeting,5,0
2020-06-01,2020,6,June,West Bank,Salfit,PS0125,civilian_targeting,3,0
2020-06-01,2020,6,June,West Bank,Nablus,PS0115,civilian_targeting,14,0
2020-06-01,2020,6,June,West Bank,Ramallah and Al Bireh,PS0130,civilian_targeting,9,0
2020-06-01,2020,6,June,West Bank,Bethlehem,PS0145,civilian_targeting,3,1
2020-06-01,2020,6,June,West Bank,Al Quds,PS0140,civilian_targeting,7,0
2020-06-01,2020,6,June,West Bank,Hebron,PS0150,civilian_targeting,11,0
2020-06-01,2020,6,June,West Bank,Tulkarm,PS0110,civilian_targeting,5,0
2020-06-01,2020,6,June,West Bank,Tubas,PS0105,civilian_targeting,0,0
2020-07-01,2020,7,July,West Bank,Jenin,PS0101,civilian_targeting,3,0
2020-07-01,2020,7,July,West Bank,Jericho,PS0135,civilian_targeting,2,0
2020-07-01,2020,7,July,West Bank,Qalqilya,PS0120,civilian_targeting,7,0
2020-07-01,2020,7,July,West Bank,Salfit,PS0125,civilian_targeting,11,1
2020-07-01,2020,7,July,West Bank,Nablus,PS0115,civilian_targeting,7,1
2020-07-01,2020,7,July,West Bank,Ramallah and Al Bireh,PS0130,civilian_targeting,7,0
2020-07-01,2020,7,July,West Bank,Bethlehem,PS0145,civilian_targeting,3,0
2020-07-01,2020,7,July,West Bank,Al Quds,PS0140,civilian_targeting,3,0
2020-07-01,2020,7,July,West Bank,Hebron,PS0150,civilian_targeting,14,0
2020-07-01,2020,7,July,West Bank,Tulkarm,PS0110,civilian_targeting,1,0
2020-07-01,2020,7,July,West Bank,Tubas,PS0105,civilian_targeting,0,0
2020-08-01,2020,8,August,West Bank,Jenin,PS0101,civilian_targeting,3,0
2020-08-01,2020,8,August,West Bank,Jericho,PS0135,civilian_targeting,0,0
2020-08-01,2020,8,August,West Bank,Qalqilya,PS0120,civilian_targeting,5,0
2020-08-01,2020,8,August,West Bank,Salfit,PS0125,civilian_targeting,1,0
2020-08-01,2020,8,August,West Bank,Nablus,PS0115,civilian_targeting,14,0
2020-08-01,2020,8,August,West Bank,Ramallah and Al Bireh,PS0130,civilian_targeting,6,1
2020-08-01,2020,8,August,West Bank,Bethlehem,PS0145,civilian_targeting,2,0
2020-08-01,2020,8,August,West Bank,Al Quds,PS0140,civilian_targeting,6,1
2020-08-01,2020,8,August,West Bank,Hebron,PS0150,civilian_targeting,5,0
2020-08-01,2020,8,August,West Bank,Tulkarm,PS0110,civilian_targeting,6,1
2020-08-01,2020,8,August,West Bank,Tubas,PS0105,civilian_targeting,2,0
2020-09-01,2020,9,September,West Bank,Jenin,PS0101,civilian_targeting,3,1
2020-09-01,2020,9,September,West Bank,Jericho,PS0135,civilian_targeting,0,0
2020-09-01,2020,9,September,West Bank,Qalqilya,PS0120,civilian_targeting,3,0
2020-09-01,2020,9,September,West Bank,Salfit,PS0125,civilian_targeting,1,0
2020-09-01,2020,9,September,West Bank,Nablus,PS0115,civilian_targeting,9,0
2020-09-01,2020,9,September,West Bank,Ramallah and Al Bireh,PS0130,civilian_targeting,6,0
2020-09-01,2020,9,September,West Bank,Bethlehem,PS0145,civilian_targeting,7,0
2020-09-01,2020,9,September,West Bank,Al Quds,PS0140,civilian_targeting,1,0
2020-09-01,2020,9,September,West Bank,Hebron,PS0150,civilian_targeting,10,0
2020-09-01,2020,9,September,West Bank,Tulkarm,PS0110,civilian_targeting,1,0
2020-09-01,2020,9,September,West Bank,Tubas,PS0105,civilian_targeting,1,0
2020-10-01,2020,10,October,West Bank,Jenin,PS0101,civilian_targeting,8,0
2020-10-01,2020,10,October,West Bank,Jericho,PS0135,civilian_targeting,0,0
2020-10-01,2020,10,October,West Bank,Qalqilya,PS0120,civilian_targeting,3,0
2020-10-01,2020,10,October,West Bank,Salfit,PS0125,civilian_targeting,3,0
2020-10-01,2020,10,October,West Bank,Nablus,PS0115,civilian_targeting,21,0
2020-10-01,2020,10,October,West Bank,Ramallah and Al Bireh,PS0130,civilian_targeting,12,2
2020-10-01,2020,10,October,West Bank,Bethlehem,PS0145,civilian_targeting,3,0
2020-10-01,2020,10,October,West Bank,Al Quds,PS0140,civilian_targeting,7,0
2020-10-01,2020,10,October,West Bank,Hebron,PS0150,civilian_targeting,9,0
2020-10-01,2020,10,October,West Bank,Tulkarm,PS0110,civilian_targeting,3,1
2020-10-01,2020,10,October,West Bank,Tubas,PS0105,civilian_targeting,0,0
2020-11-01,2020,11,November,West Bank,Jenin,PS0101,civilian_targeting,6,0
2020-11-01,2020,11,November,West Bank,Jericho,PS0135,civilian_targeting,1,0
2020-11-01,2020,11,November,West Bank,Qalqilya,PS0120,civilian_targeting,7,0
2020-11-01,2020,11,November,West Bank,Salfit,PS0125,civilian_targeting,7,0
2020-11-01,2020,11,November,West Bank,Nablus,PS0115,civilian_targeting,13,0
2020-11-01,2020,11,November,West Bank,Ramallah and Al Bireh,PS0130,civilian_targeting,8,0
2020-11-01,2020,11,November,West Bank,Bethlehem,PS0145,civilian_targeting,10,0
2020-11-01,2020,11,November,West Bank,Al Quds,PS0140,civilian_targeting,7,0
2020-11-01,2020,11,November,West Bank,Hebron,PS0150,civilian_targeting,13,0
2020-11-01,2020,11,November,West Bank,Tulkarm,PS0110,civilian_targeting,2,0
2020-11-01,2020,11,November,West Bank,Tubas,PS0105,civilian_targeting,1,0
2020-12-01,2020,12,December,West Bank,Jenin,PS0101,civilian_targeting,10,1
2020-12-01,2020,12,December,West Bank,Jericho,PS0135,civilian_targeting,1,0
2020-12-01,2020,12,December,West Bank,Qalqilya,PS0120,civilian_targeting,5,0
2020-12-01,2020,12,December,West Bank,Salfit,PS0125,civilian_targeting,8,0
2020-12-01,2020,12,December,West Bank,Nablus,PS0115,civilian_targeting,30,0
2020-12-01,2020,12,December,West Bank,Ramallah and Al Bireh,PS0130,civilian_targeting,20,0
2020-12-01,2020,12,December,West Bank,Bethlehem,PS0145,civilian_targeting,7,0
2020-12-01,2020,12,December,West Bank,Al Quds,PS0140,civilian_targeting,10,1
2020-12-01,2020,12,December,West Bank,Hebron,PS0150,civilian_targeting,22,0
2020-12-01,2020,12,December,West Bank,Tulkarm,PS0110,civilian_targeting,2,0
2020-12-01,2020,12,December,West Bank,Tubas,PS0105,civilian_targeting,1,0
2021-01-01,2021,1,January,West Bank,Jenin,PS0101,civilian_targeting,6,0
2021-01-01,2021,1,January,West Bank,Jericho,PS0135,civilian_targeting,2,0
2021-01-01,2021,1,January,West Bank,Qalqilya,PS0120,civilian_targeting,15,0
2021-01-01,2021,1,January,West Bank,Salfit,PS0125,civilian_targeting,11,0
2021-01-01,2021,1,January,West Bank,Nablus,PS0115,civilian_targeting,29,0
2021-01-01,2021,1,January,West Bank,Ramallah and Al Bireh,PS0130,civilian_targeting,26,0
2021-01-01,2021,1,January,West Bank,Bethlehem,PS0145,civilian_targeting,17,0
2021-01-01,2021,1,January,West Bank,Al Quds,PS0140,civilian_targeting,10,0
2021-01-01,2021,1,January,West Bank,Hebron,PS0150,civilian_targeting,26,0
2021-01-01,2021,1,January,West Bank,Tulkarm,PS0110,civilian_targeting,5,1
2021-01-01,2021,1,January,West Bank,Tubas,PS0105,civilian_targeting,2,0
2021-02-01,2021,2,February,West Bank,Jenin,PS0101,civilian_targeting,6,0
2021-02-01,2021,2,February,West Bank,Jericho,PS0135,civilian_targeting,2,0
2021-02-01,2021,2,February,West Bank,Qalqilya,PS0120,civilian_targeting,6,0
2021-02-01,2021,2,February,West Bank,Salfit,PS0125,civilian_targeting,2,1
2021-02-01,2021,2,February,West Bank,Nablus,PS0115,civilian_targeting,15,0
2021-02-01,2021,2,February,West Bank,Ramallah and Al Bireh,PS0130,civilian_targeting,21,2
2021-02-01,2021,2,February,West Bank,Bethlehem,PS0145,civilian_targeting,9,0
2021-02-01,2021,2,February,West Bank,Al Quds,PS0140,civilian_targeting,12,0
2021-02-01,2021,2,February,West Bank,Hebron,PS0150,civilian_targeting,13,0
2021-02-01,2021,2,February,West Bank,Tulkarm,PS0110,civilian_targeting,2,0
2021-02-01,2021,2,February,West Bank,Tubas,PS0105,civilian_targeting,2,1
2021-03-01,2021,3,March,West Bank,Jenin,PS0101,civilian_targeting,2,0
2021-03-01,2021,3,March,West Bank,Jericho,PS0135,civilian_targeting,1,0
2021-03-01,2021,3,March,West Bank,Qalqilya,PS0120,civilian_targeting,5,0
2021-03-01,2021,3,March,West Bank,Salfit,PS0125,civilian_targeting,8,0
2021-03-01,2021,3,March,West Bank,Nablus,PS0115,civilian_targeting,15,0
2021-03-01,2021,3,March,West Bank,Ramallah and Al Bireh,PS0130,civilian_targeting,10,0
2021-03-01,2021,3,March,West Bank,Bethlehem,PS0145,civilian_targeting,6,0
2021-03-01,2021,3,March,West Bank,Al Quds,PS0140,civilian_targeting,20,0
2021-03-01,2021,3,March,West Bank,Hebron,PS0150,civilian_targeting,13,0
2021-03-01,2021,3,March,West Bank,Tulkarm,PS0110,civilian_targeting,2,0
2021-03-01,2021,3,March,West Bank,Tubas,PS0105,civilian_targeting,2,0
2021-04-01,2021,4,April,West Bank,Jenin,PS0101,civilian_targeting,4,0
2021-04-01,2021,4,April,West Bank,Jericho,PS0135,civilian_targeting,0,0
2021-04-01,2021,4,April,West Bank,Qalqilya,PS0120,civilian_targeting,1,0
2021-04-01,2021,4,April,West Bank,Salfit,PS0125,civilian_targeting,5,0
2021-04-01,2021,4,April,West Bank,Nablus,PS0115,civilian_targeting,13,0
2021-04-01,2021,4,April,West Bank,Ramallah and Al Bireh,PS0130,civilian_targeting,13,0
2021-04-01,2021,4,April,West Bank,Bethlehem,PS0145,civilian_targeting,6,0
2021-04-01,2021,4,April,West Bank,Al Quds,PS0140,civilian_targeting,46,0
2021-04-01,2021,4,April,West Bank,Hebron,PS0150,civilian_targeting,16,1
2021-04-01,2021,4,April,West Bank,Tulkarm,PS0110,civilian_targeting,1,0
2021-04-01,2021,4,April,West Bank,Tubas,PS0105,civilian_targeting,2,0
2021-05-01,2021,5,May,West Bank,Jenin,PS0101,civilian_targeting,12,2
2021-05-01,2021,5,May,West Bank,Jericho,PS0135,civilian_targeting,6,1
2021-05-01,2021,5,May,West Bank,Qalqilya,PS0120,civilian_targeting,20,0
2021-05-01,2021,5,May,West Bank,Salfit,PS0125,civilian_targeting,19,1
2021-05-01,2021,5,May,West Bank,Nablus,PS0115,civilian_targeting,35,2
2021-05-01,2021,5,May,West Bank,Ramallah and Al Bireh,PS0130,civilian_targeting,44,2
2021-05-01,2021,5,May,West Bank,Bethlehem,PS0145,civilian_targeting,19,0
2021-05-01,2021,5,May,West Bank,Al Quds,PS0140,civilian_targeting,84,0
2021-05-01,2021,5,May,West Bank,Hebron,PS0150,civilian_targeting,71,3
2021-05-01,2021,5,May,West Bank,Tulkarm,PS0110,civilian_targeting,9,0
2021-05-01,2021,5,May,West Bank,Tubas,PS0105,civilian_targeting,4,0
2021-06-01,2021,6,June,West Bank,Jenin,PS0101,civilian_targeting,7,1
2021-06-01,2021,6,June,West Bank,Jericho,PS0135,civilian_targeting,1,0
2021-06-01,2021,6,June,West Bank,Qalqilya,PS0120,civilian_targeting,5,0
2021-06-01,2021,6,June,West Bank,Salfit,PS0125,civilian_targeting,5,0
2021-06-01,2021,6,June,West Bank,Nablus,PS0115,civilian_targeting,31,2
2021-06-01,2021,6,June,West Bank,Ramallah and Al Bireh,PS0130,civilian_targeting,13,0
2021-06-01,2021,6,June,West Bank,Bethlehem,PS0145,civilian_targeting,13,0
2021-06-01,2021,6,June,West Bank,Al Quds,PS0140,civilian_targeting,41,0
2021-06-01,2021,6,June,West Bank,Hebron,PS0150,civilian_targeting,22,1
2021-06-01,2021,6,June,West Bank,Tulkarm,PS0110,civilian_targeting,1,0
2021-06-01,2021,6,June,West Bank,Tubas,PS0105,civilian_targeting,1,0
2021-07-01,2021,7,July,West Bank,Jenin,PS0101,civilian_targeting,3,0
2021-07-01,2021,7,July,West Bank,Jericho,PS0135,civilian_targeting,1,0
2021-07-01,2021,7,July,West Bank,Qalqilya,PS0120,civilian_targeting,3,0
2021-07-01,2021,7,July,West Bank,Salfit,PS0125,civilian_targeting,6,0
2021-07-01,2021,7,July,West Bank,Nablus,PS0115,civilian_targeting,22,1
2021-07-01,2021,7,July,West Bank,Ramallah and Al Bireh,PS0130,civilian_targeting,13,0
2021-07-01,2021,7,July,West Bank,Bethlehem,PS0145,civilian_targeting,8,0
2021-07-01,2021,7,July,West Bank,Al Quds,PS0140,civilian_targeting,21,0
2021-07-01,2021,7,July,West Bank,Hebron,PS0150,civilian_targeting,20,1
2021-07-01,2021,7,July,West Bank,Tulkarm,PS0110,civilian_targeting,2,0
2021-07-01,2021,7,July,West Bank,Tubas,PS0105,civilian_targeting,1,0
2021-08-01,2021,8,August,West Bank,Jenin,PS0101,civilian_targeting,4,0
2021-08-01,2021,8,August,West Bank,Jericho,PS0135,civilian_targeting,1,0
2021-08-01,2021,8,August,West Bank,Qalqilya,PS0120,civilian_targeting,7,0
2021-08-01,2021,8,August,West Bank,Salfit,PS0125,civilian_targeting,6,0
2021-08-01,2021,8,August,West Bank,Nablus,PS0115,civilian_targeting,10,0
2021-08-01,2021,8,August,West Bank,Ramallah and Al Bireh,PS0130,civilian_targeting,14,0
2021-08-01,2021,8,August,West Bank,Bethlehem,PS0145,civilian_targeting,11,0
2021-08-01,2021,8,August,West Bank,Al Quds,PS0140,civilian_targeting,15,0
2021-08-01,2021,8,August,West Bank,Hebron,PS0150,civilian_targeting,11,0
2021-08-01,2021,8,August,West Bank,Tulkarm,PS0110,civilian_targeting,1,0
2021-08-01,2021,8,August,West Bank,Tubas,PS0105,civilian_targeting,2,0
2021-09-01,2021,9,September,West Bank,Jenin,PS0101,civilian_targeting,1,0
2021-09-01,2021,9,September,West Bank,Jericho,PS0135,civilian_targeting,1,0
2021-09-01,2021,9,September,West Bank,Qalqilya,PS0120,civilian_targeting,2,0
2021-09-01,2021,9,September,West Bank,Salfit,PS0125,civilian_targeting,4,0
2021-09-01,2021,9,September,West Bank,Nablus,PS0115,civilian_targeting,5,0
2021-09-01,2021,9,September,West Bank,Ramallah and Al Bireh,PS0130,civilian_targeting,10,1
2021-09-01,2021,9,September,West Bank,Bethlehem,PS0145,civilian_targeting,7,0
2021-09-01,2021,9,September,West Bank,Al Quds,PS0140,civilian_targeting,15,0
2021-09-01,2021,9,September,West Bank,Hebron,PS0150,civilian_targeting,23,0
2021-09-01,2021,9,September,West Bank,Tulkarm,PS0110,civilian_targeting,1,0
2021-09-01,2021,9,September,West Bank,Tubas,PS0105,civilian_targeting,0,0
2021-10-01,2021,10,October,West Bank,Jenin,PS0101,civilian_targeting,7,0
2021-10-01,2021,10,October,West Bank,Jericho,PS0135,civilian_targeting,2,0
2021-10-01,2021,10,October,West Bank,Qalqilya,PS0120,civilian_targeting,6,0
2021-10-01,2021,10,October,West Bank,Salfit,PS0125,civilian_targeting,6,0
2021-10-01,2021,10,October,West Bank,Nablus,PS0115,civilian_targeting,18,0
2021-10-01,2021,10,October,West Bank,Ramallah and Al Bireh,PS0130,civilian_targeting,10,0
2021-10-01,2021,10,October,West Bank,Bethlehem,PS0145,civilian_targeting,7,0
2021-10-01,2021,10,October,West Bank,Al Quds,PS0140,civilian_targeting,20,0
2021-10-01,2021,10,October,West Bank,Hebron,PS0150,civilian_targeting,17,0
2021-10-01,2021,10,October,West Bank,Tulkarm,PS0110,civilian_targeting,1,0
2021-10-01,2021,10,October,West Bank,Tubas,PS0105,civilian_targeting,3,0
2021-11-01,2021,11,November,West Bank,Jenin,PS0101,civilian_targeting,9,0
2021-11-01,2021,11,November,West Bank,Jericho,PS0135,civilian_targeting,2,0
2021-11-01,2021,11,November,West Bank,Qalqilya,PS0120,civilian_targeting,5,0
2021-11-01,2021,11,November,West Bank,Salfit,PS0125,civilian_targeting,6,0
2021-11-01,2021,11,November,West Bank,Nablus,PS0115,civilian_targeting,27,0
2021-11-01,2021,11,November,West Bank,Ramallah and Al Bireh,PS0130,civilian_targeting,27,0
2021-11-01,2021,11,November,West Bank,Bethlehem,PS0145,civilian_targeting,3,0
2021-11-01,2021,11,November,West Bank,Al Quds,PS0140,civilian_targeting,28,0
2021-11-01,2021,11,November,West Bank,Hebron,PS0150,civilian_targeting,28,0
2021-11-01,2021,11,November,West Bank,Tulkarm,PS0110,civilian_targeting,2,0
2021-11-01,2021,11,November,West Bank,Tubas,PS0105,civilian_targeting,1,0
2021-12-01,2021,12,December,West Bank,Jenin,PS0101,civilian_targeting,6,0
2021-12-01,2021,12,December,West Bank,Jericho,PS0135,civilian_targeting,1,0
2021-12-01,2021,12,December,West Bank,Qalqilya,PS0120,civilian_targeting,8,0
2021-12-01,2021,12,December,West Bank,Salfit,PS0125,civilian_targeting,8,0
2021-12-01,2021,12,December,West Bank,Nablus,PS0115,civilian_targeting,38,1
2021-12-01,2021,12,December,West Bank,Ramallah and Al Bireh,PS0130,civilian_targeting,21,1
2021-12-01,2021,12,December,West Bank,Bethlehem,PS0145,civilian_targeting,10,0
2021-12-01,2021,12,December,West Bank,Al Quds,PS0140,civilian_targeting,24,0
2021-12-01,2021,12,December,West Bank,Hebron,PS0150,civilian_targeting,17,0
2021-12-01,2021,12,December,West Bank,Tulkarm,PS0110,civilian_targeting,2,0
2021-12-01,2021,12,December,West Bank,Tubas,PS0105,civilian_targeting,3,0
2022-01-01,2022,1,January,West Bank,Jenin,PS0101,civilian_targeting,3,0
2022-01-01,2022,1,January,West Bank,Jericho,PS0135,civilian_targeting,2,0
2022-01-01,2022,1,January,West Bank,Qalqilya,PS0120,civilian_targeting,8,0
2022-01-01,2022,1,January,West Bank,Salfit,PS0125,civilian_targeting,6,0
2022-01-01,2022,1,January,West Bank,Nablus,PS0115,civilian_targeting,36,0
2022-01-01,2022,1,January,West Bank,Ramallah and Al Bireh,PS0130,civilian_targeting,18,2
2022-01-01,2022,1,January,West Bank,Bethlehem,PS0145,civilian_targeting,13,0
2022-01-01,2022,1,January,West Bank,Al Quds,PS0140,civilian_targeting,18,0
2022-01-01,2022,1,January,West Bank,Hebron,PS0150,civilian_targeting,21,0
2022-01-01,2022,1,January,West Bank,Tulkarm,PS0110,civilian_targeting,2,1
2022-01-01,2022,1,January,West Bank,Tubas,PS0105,civilian_targeting,2,0
2022-02-01,2022,2,February,West Bank,Jenin,PS0101,civilian_targeting,1,0
2022-02-01,2022,2,February,West Bank,Jericho,PS0135,civilian_targeting,0,0
2022-02-01,2022,2,February,West Bank,Qalqilya,PS0120,civilian_targeting,13,0
2022-02-01,2022,2,February,West Bank,Salfit,PS0125,civilian_targeting,19,0
2022-02-01,2022,2,February,West Bank,Nablus,PS0115,civilian_targeting,24,0
2022-02-01,2022,2,February,West Bank,Ramallah and Al Bireh,PS0130,civilian_targeting,18,0
2022-02-01,2022,2,February,West Bank,Bethlehem,PS0145,civilian_targeting,20,0
2022-02-01,2022,2,February,West Bank,Al Quds,PS0140,civilian_targeting,15,0
2022-02-01,2022,2,February,West Bank,Hebron,PS0150,civilian_targeting,27,0
2022-02-01,2022,2,February,West Bank,Tulkarm,PS0110,civilian_targeting,1,0
2022-02-01,2022,2,February,West Bank,Tubas,PS0105,civilian_targeting,2,0
2022-03-01,2022,3,March,West Bank,Jenin,PS0101,civilian_targeting,5,0
2022-03-01,2022,3,March,West Bank,Jericho,PS0135,civilian_targeting,4,0
2022-03-01,2022,3,March,West Bank,Qalqilya,PS0120,civilian_targeting,21,0
2022-03-01,2022,3,March,West Bank,Salfit,PS0125,civilian_targeting,17,0
2022-03-01,2022,3,March,West Bank,Nablus,PS0115,civilian_targeting,28,0
2022-03-01,2022,3,March,West Bank,Ramallah and Al Bireh,PS0130,civilian_targeting,41,0
2022-03-01,2022,3,March,West Bank,Bethlehem,PS0145,civilian_targeting,16,2
2022-03-01,2022,3,March,West Bank,Al Quds,PS0140,civilian_targeting,23,0
2022-03-01,2022,3,March,West Bank,Hebron,PS0150,civilian_targeting,36,0
2022-03-01,2022,3,March,West Bank,Tulkarm,PS0110,civilian_targeting,4,0
2022-03-01,2022,3,March,West Bank,Tubas,PS0105,civilian_targeting,3,0
2022-04-01,2022,4,April,West Bank,Jenin,PS0101,civilian_targeting,16,1
2022-04-01,2022,4,April,West Bank,Jericho,PS0135,civilian_targeting,2,0
2022-04-01,2022,4,April,West Bank,Qalqilya,PS0120,civilian_targeting,11,0
2022-04-01,2022,4,April,West Bank,Salfit,PS0125,civilian_targeting,10,0
2022-04-01,2022,4,April,West Bank,Nablus,PS0115,civilian_targeting,17,0
2022-04-01,2022,4,April,West Bank,Ramallah and Al Bireh,PS0130,civilian_targeting,33,0
2022-04-01,2022,4,April,West Bank,Bethlehem,PS0145,civilian_targeting,15,2
2022-04-01,2022,4,April,West Bank,Al Quds,PS0140,civilian_targeting,17,0
2022-04-01,2022,4,April,West Bank,Hebron,PS0150,civilian_targeting,29,0
2022-04-01,2022,4,April,West Bank,Tulkarm,PS0110,civilian_targeting,19,0
2022-04-01,2022,4,April,West Bank,Tubas,PS0105,civilian_targeting,0,0
2022-05-01,2022,5,May,West Bank,Jenin,PS0101,civilian_targeting,7,0
2022-05-01,2022,5,May,West Bank,Jericho,PS0135,civilian_targeting,3,0
2022-05-01,2022,5,May,West Bank,Qalqilya,PS0120,civilian_targeting,29,0
2022-05-01,2022,5,May,West Bank,Salfit,PS0125,civilian_targeting,18,0
2022-05-01,2022,5,May,West Bank,Nablus,PS0115,civilian_targeting,41,0
2022-05-01,2022,5,May,West Bank,Ramallah and Al Bireh,PS0130,civilian_targeting,28,0
2022-05-01,2022,5,May,West Bank,Bethlehem,PS0145,civilian_targeting,11,0
2022-05-01,2022,5,May,West Bank,Al Quds,PS0140,civilian_targeting,16,0
2022-05-01,2022,5,May,West Bank,Hebron,PS0150,civilian_targeting,28,0
2022-05-01,2022,5,May,West Bank,Tulkarm,PS0110,civilian_targeting,8,1
2022-05-01,2022,5,May,West Bank,Tubas,PS0105,civilian_targeting,2,0
2022-06-01,2022,6,June,West Bank,Jenin,PS0101,civilian_targeting,12,0
2022-06-01,2022,6,June,West Bank,Jericho,PS0135,civilian_targeting,2,0
2022-06-01,2022,6,June,West Bank,Qalqilya,PS0120,civilian_targeting,13,1
2022-06-01,2022,6,June,West Bank,Salfit,PS0125,civilian_targeting,9,0
2022-06-01,2022,6,June,West Bank,Nablus,PS0115,civilian_targeting,25,0
2022-06-01,2022,6,June,West Bank,Ramallah and Al Bireh,PS0130,civilian_targeting,14,0
2022-06-01,2022,6,June,West Bank,Bethlehem,PS0145,civilian_targeting,12,0
2022-06-01,2022,6,June,West Bank,Al Quds,PS0140,civilian_targeting,11,0
2022-06-01,2022,6,June,West Bank,Hebron,PS0150,civilian_targeting,20,0
2022-06-01,2022,6,June,West Bank,Tulkarm,PS0110,civilian_targeting,3,0
2022-06-01,2022,6,June,West Bank,Tubas,PS0105,civilian_targeting,3,0
2022-07-01,2022,7,July,West Bank,Jenin,PS0101,civilian_targeting,1,0
2022-07-01,2022,7,July,West Bank,Jericho,PS0135,civilian_targeting,5,0
2022-07-01,2022,7,July,West Bank,Qalqilya,PS0120,civilian_targeting,7,0
2022-07-01,2022,7,July,West Bank,Salfit,PS0125,civilian_targeting,14,0
2022-07-01,2022,7,July,West Bank,Nablus,PS0115,civilian_targeting,18,1
2022-07-01,2022,7,July,West Bank,Ramallah and Al Bireh,PS0130,civilian_targeting,18,0
2022-07-01,2022,7,July,West Bank,Bethlehem,PS0145,civilian_targeting,9,0
2022-07-01,2022,7,July,West Bank,Al Quds,PS0140,civilian_targeting,11,0
2022-07-01,2022,7,July,West Bank,Hebron,PS0150,civilian_targeting,24,0
2022-07-01,2022,7,July,West Bank,Tulkarm,PS0110,civilian_targeting,6,1
2022-07-01,2022,7,July,West Bank,Tubas,PS0105,civilian_targeting,1,0
2022-08-01,2022,8,August,West Bank,Jenin,PS0101,civilian_targeting,7,0
2022-08-01,2022,8,August,West Bank,Jericho,PS0135,civilian_targeting,3,0
2022-08-01,2022,8,August,West Bank,Qalqilya,PS0120,civilian_targeting,11,0
2022-08-01,2022,8,August,West Bank,Salfit,PS0125,civilian_targeting,11,0
2022-08-01,2022,8,August,West Bank,Nablus,PS0115,civilian_targeting,21,0
2022-08-01,2022,8,August,West Bank,Ramallah and Al Bireh,PS0130,civilian_targeting,12,0
2022-08-01,2022,8,August,West Bank,Bethlehem,PS0145,civilian_targeting,11,0
2022-08-01,2022,8,August,West Bank,Al Quds,PS0140,civilian_targeting,15,1
2022-08-01,2022,8,August,West Bank,Hebron,PS0150,civilian_targeting,17,0
2022-08-01,2022,8,August,West Bank,Tulkarm,PS0110,civilian_targeting,3,0
2022-08-01,2022,8,August,West Bank,Tubas,PS0105,civilian_targeting,1,0
2022-09-01,2022,9,September,West Bank,Jenin,PS0101,civilian_targeting,1,0
2022-09-01,2022,9,September,West Bank,Jericho,PS0135,civilian_targeting,1,0
2022-09-01,2022,9,September,West Bank,Qalqilya,PS0120,civilian_targeting,11,0
2022-09-01,2022,9,September,West Bank,Salfit,PS0125,civilian_targeting,11,0
2022-09-01,2022,9,September,West Bank,Nablus,PS0115,civilian_targeting,52,0
2022-09-01,2022,9,September,West Bank,Ramallah and Al Bireh,PS0130,civilian_targeting,24,1
2022-09-01,2022,9,September,West Bank,Bethlehem,PS0145,civilian_targeting,22,0
2022-09-01,2022,9,September,West Bank,Al Quds,PS0140,civilian_targeting,8,0
2022-09-01,2022,9,September,West Bank,Hebron,PS0150,civilian_targeting,26,0
2022-09-01,2022,9,September,West Bank,Tulkarm,PS0110,civilian_targeting,4,0
2022-09-01,2022,9,September,West Bank,Tubas,PS0105,civilian_targeting,2,0
2022-10-01,2022,10,October,West Bank,Jenin,PS0101,civilian_targeting,5,0
2022-10-01,2022,10,October,West Bank,Jericho,PS0135,civilian_targeting,3,0
2022-10-01,2022,10,October,West Bank,Qalqilya,PS0120,civilian_targeting,17,2
2022-10-01,2022,10,October,West Bank,Salfit,PS0125,civilian_targeting,24,0
2022-10-01,2022,10,October,West Bank,Nablus,PS0115,civilian_targeting,44,0
2022-10-01,2022,10,October,West Bank,Ramallah and Al Bireh,PS0130,civilian_targeting,49,1
2022-10-01,2022,10,October,West Bank,Bethlehem,PS0145,civilian_targeting,13,0
2022-10-01,2022,10,October,West Bank,Al Quds,PS0140,civilian_targeting,13,0
2022-10-01,2022,10,October,West Bank,Hebron,PS0150,civilian_targeting,38,2
2022-10-01,2022,10,October,West Bank,Tulkarm,PS0110,civilian_targeting,9,0
2022-10-01,2022,10,October,West Bank,Tubas,PS0105,civilian_targeting,3,0
2022-11-01,2022,11,November,West Bank,Jenin,PS0101,civilian_targeting,4,1
2022-11-01,2022,11,November,West Bank,Jericho,PS0135,civilian_targeting,3,0
2022-11-01,2022,11,November,West Bank,Qalqilya,PS0120,civilian_targeting,21,0
2022-11-01,2022,11,November,West Bank,Salfit,PS0125,civilian_targeting,18,4
2022-11-01,2022,11,November,West Bank,Nablus,PS0115,civilian_targeting,32,0
2022-11-01,2022,11,November,West Bank,Ramallah and Al Bireh,PS0130,civilian_targeting,30,1
2022-11-01,2022,11,November,West Bank,Bethlehem,PS0145,civilian_targeting,15,0
2022-11-01,2022,11,November,West Bank,Al Quds,PS0140,civilian_targeting,9,0
2022-11-01,2022,11,November,West Bank,Hebron,PS0150,civilian_targeting,33,0
2022-11-01,2022,11,November,West Bank,Tulkarm,PS0110,civilian_targeting,7,0
2022-11-01,2022,11,November,West Bank,Tubas,PS0105,civilian_targeting,1,0
2022-12-01,2022,12,December,West Bank,Jenin,PS0101,civilian_targeting,4,0
2022-12-01,2022,12,December,West Bank,Jericho,PS0135,civilian_targeting,2,0
2022-12-01,2022,12,December,West Bank,Qalqilya,PS0120,civilian_targeting,14,0
2022-12-01,2022,12,December,West Bank,Salfit,PS0125,civilian_targeting,9,2
2022-12-01,2022,12,December,West Bank,Nablus,PS0115,civilian_targeting,32,0
2022-12-01,2022,12,December,West Bank,Ramallah and Al Bireh,PS0130,civilian_targeting,20,0
2022-12-01,2022,12,December,West Bank,Bethlehem,PS0145,civilian_targeting,12,0
2022-12-01,2022,12,December,West Bank,Al Quds,PS0140,civilian_targeting,5,0
2022-12-01,2022,12,December,West Bank,Hebron,PS0150,civilian_targeting,26,0
2022-12-01,2022,12,December,West Bank,Tulkarm,PS0110,civilian_targeting,2,0
2022-12-01,2022,12,December,West Bank,Tubas,PS0105,civilian_targeting,0,0
2023-01-01,2023,1,January,West Bank,Jenin,PS0101,civilian_targeting,9,0
2023-01-01,2023,1,January,West Bank,Jericho,PS0135,civilian_targeting,5,0
2023-01-01,2023,1,January,West Bank,Qalqilya,PS0120,civilian_targeting,14,0
2023-01-01,2023,1,January,West Bank,Salfit,PS0125,civilian_targeting,15,0
2023-01-01,2023,1,January,West Bank,Nablus,PS0115,civilian_targeting,40,0
2023-01-01,2023,1,January,West Bank,Ramallah and Al Bireh,PS0130,civilian_targeting,27,2
2023-01-01,2023,1,January,West Bank,Bethlehem,PS0145,civilian_targeting,23,0
2023-01-01,2023,1,January,West Bank,Al Quds,PS0140,civilian_targeting,9,8
2023-01-01,2023,1,January,West Bank,Hebron,PS0150,civilian_targeting,33,2
2023-01-01,2023,1,January,West Bank,Tulkarm,PS0110,civilian_targeting,6,0
2023-01-01,2023,1,January,West Bank,Tubas,PS0105,civilian_targeting,2,0
2023-02-01,2023,2,February,West Bank,Jenin,PS0101,civilian_targeting,8,0
2023-02-01,2023,2,February,West Bank,Jericho,PS0135,civilian_targeting,8,1
2023-02-01,2023,2,February,West Bank,Qalqilya,PS0120,civilian_targeting,7,0
2023-02-01,2023,2,February,West Bank,Salfit,PS0125,civilian_targeting,16,0
2023-02-01,2023,2,February,West Bank,Nablus,PS0115,civilian_targeting,42,3
2023-02-01,2023,2,February,West Bank,Ramallah and Al Bireh,PS0130,civilian_targeting,38,0
2023-02-01,2023,2,February,West Bank,Bethlehem,PS0145,civilian_targeting,5,0
2023-02-01,2023,2,February,West Bank,Al Quds,PS0140,civilian_targeting,13,4
2023-02-01,2023,2,February,West Bank,Hebron,PS0150,civilian_targeting,22,0
2023-02-01,2023,2,February,West Bank,Tulkarm,PS0110,civilian_targeting,5,0
2023-02-01,2023,2,February,West Bank,Tubas,PS0105,civilian_targeting,5,0
2023-03-01,2023,3,March,West Bank,Jenin,PS0101,civilian_targeting,6,0
2023-03-01,2023,3,March,West Bank,Jericho,PS0135,civilian_targeting,3,0
2023-03-01,2023,3,March,West Bank,Qalqilya,PS0120,civilian_targeting,9,0
2023-03-01,2023,3,March,West Bank,Salfit,PS0125,civilian_targeting,19,0
2023-03-01,2023,3,March,West Bank,Nablus,PS0115,civilian_targeting,27,0
2023-03-01,2023,3,March,West Bank,Ramallah and Al Bireh,PS0130,civilian_targeting,43,0
2023-03-01,2023,3,March,West Bank,Bethlehem,PS0145,civilian_targeting,18,0
2023-03-01,2023,3,March,West Bank,Al Quds,PS0140,civilian_targeting,11,1
2023-03-01,2023,3,March,West Bank,Hebron,PS0150,civilian_targeting,37,0
2023-03-01,2023,3,March,West Bank,Tulkarm,PS0110,civilian_targeting,5,0
2023-03-01,2023,3,March,West Bank,Tubas,PS0105,civilian_targeting,4,0
2023-04-01,2023,4,April,West Bank,Jenin,PS0101,civilian_targeting,12,0
2023-04-01,2023,4,April,West Bank,Jericho,PS0135,civilian_targeting,4,0
2023-04-01,2023,4,April,West Bank,Qalqilya,PS0120,civilian_targeting,8,0
2023-04-01,2023,4,April,West Bank,Salfit,PS0125,civilian_targeting,7,1
2023-04-01,2023,4,April,West Bank,Nablus,PS0115,civilian_targeting,30,4
2023-04-01,2023,4,April,West Bank,Ramallah and Al Bireh,PS0130,civilian_targeting,29,0
2023-04-01,2023,4,April,West Bank,Bethlehem,PS0145,civilian_targeting,19,0
2023-04-01,2023,4,April,West Bank,Al Quds,PS0140,civilian_targeting,9,0
2023-04-01,2023,4,April,West Bank,Hebron,PS0150,civilian_targeting,20,0
2023-04-01,2023,4,April,West Bank,Tulkarm,PS0110,civilian_targeting,1,0
2023-04-01,2023,4,April,West Bank,Tubas,PS0105,civilian_targeting,7,0
2023-05-01,2023,5,May,West Bank,Jenin,PS0101,civilian_targeting,13,0
2023-05-01,2023,5,May,West Bank,Jericho,PS0135,civilian_targeting,5,0
2023-05-01,2023,5,May,West Bank,Qalqilya,PS0120,civilian_targeting,13,0
2023-05-01,2023,5,May,West Bank,Salfit,PS0125,civilian_targeting,8,0
2023-05-01,2023,5,May,West Bank,Nablus,PS0115,civilian_targeting,32,0
2023-05-01,2023,5,May,West Bank,Ramallah and Al Bireh,PS0130,civilian_targeting,17,0
2023-05-01,2023,5,May,West Bank,Bethlehem,PS0145,civilian_targeting,12,0
2023-05-01,2023,5,May,West Bank,Al Quds,PS0140,civilian_targeting,11,0
2023-05-01,2023,5,May,West Bank,Hebron,PS0150,civilian_targeting,18,0
2023-05-01,2023,5,May,West Bank,Tulkarm,PS0110,civilian_targeting,5,1
2023-05-01,2023,5,May,West Bank,Tubas,PS0105,civilian_targeting,2,0
2023-06-01,2023,6,June,West Bank,Jenin,PS0101,civilian_targeting,5,0
2023-06-01,2023,6,June,West Bank,Jericho,PS0135,civilian_targeting,4,0
2023-06-01,2023,6,June,West Bank,Qalqilya,PS0120,civilian_targeting,20,0
2023-06-01,2023,6,June,West Bank,Salfit,PS0125,civilian_targeting,14,0
2023-06-01,2023,6,June,West Bank,Nablus,PS0115,civilian_targeting,36,5
2023-06-01,2023,6,June,West Bank,Ramallah and Al Bireh,PS0130,civilian_targeting,51,1
2023-06-01,2023,6,June,West Bank,Bethlehem,PS0145,civilian_targeting,16,0
2023-06-01,2023,6,June,West Bank,Al Quds,PS0140,civilian_targeting,17,0
2023-06-01,2023,6,June,West Bank,Hebron,PS0150,civilian_targeting,26,0
2023-06-01,2023,6,June,West Bank,Tulkarm,PS0110,civilian_targeting,2,0
2023-06-01,2023,6,June,West Bank,Tubas,PS0105,civilian_targeting,2,0
2023-07-01,2023,7,July,West Bank,Jenin,PS0101,civilian_targeting,4,0
2023-07-01,2023,7,July,West Bank,Jericho,PS0135,civilian_targeting,3,0
2023-07-01,2023,7,July,West Bank,Qalqilya,PS0120,civilian_targeting,12,0
2023-07-01,2023,7,July,West Bank,Salfit,PS0125,civilian_targeting,16,0
2023-07-01,2023,7,July,West Bank,Nablus,PS0115,civilian_targeting,29,1
2023-07-01,2023,7,July,West Bank,Ramallah and Al Bireh,PS0130,civilian_targeting,30,0
2023-07-01,2023,7,July,West Bank,Bethlehem,PS0145,civilian_targeting,12,0
2023-07-01,2023,7,July,West Bank,Al Quds,PS0140,civilian_targeting,8,0
2023-07-01,2023,7,July,West Bank,Hebron,PS0150,civilian_targeting,30,0
2023-07-01,2023,7,July,West Bank,Tulkarm,PS0110,civilian_targeting,9,0
2023-07-01,2023,7,July,West Bank,Tubas,PS0105,civilian_targeting,4,0
2023-08-01,2023,8,August,West Bank,Jenin,PS0101,civilian_targeting,9,0
2023-08-01,2023,8,August,West Bank,Jericho,PS0135,civilian_targeting,4,0
2023-08-01,2023,8,August,West Bank,Qalqilya,PS0120,civilian_targeting,20,0
2023-08-01,2023,8,August,West Bank,Salfit,PS0125,civilian_targeting,5,0
2023-08-01,2023,8,August,West Bank,Nablus,PS0115,civilian_targeting,22,2
2023-08-01,2023,8,August,West Bank,Ramallah and Al Bireh,PS0130,civilian_targeting,37,0
2023-08-01,2023,8,August,West Bank,Bethlehem,PS0145,civilian_targeting,8,0
2023-08-01,2023,8,August,West Bank,Al Quds,PS0140,civilian_targeting,16,2
2023-08-01,2023,8,August,West Bank,Hebron,PS0150,civilian_targeting,19,1
2023-08-01,2023,8,August,West Bank,Tulkarm,PS0110,civilian_targeting,7,0
2023-08-01,2023,8,August,West Bank,Tubas,PS0105,civilian_targeting,8,0
2023-09-01,2023,9,September,West Bank,Jenin,PS0101,civilian_targeting,4,0
2023-09-01,2023,9,September,West Bank,Jericho,PS0135,civilian_targeting,6,0
2023-09-01,2023,9,September,West Bank,Qalqilya,PS0120,civilian_targeting,15,0
2023-09-01,2023,9,September,West Bank,Salfit,PS0125,civilian_targeting,11,0
2023-09-01,2023,9,September,West Bank,Nablus,PS0115,civilian_targeting,21,0
2023-09-01,2023,9,September,West Bank,Ramallah and Al Bireh,PS0130,civilian_targeting,24,0
2023-09-01,2023,9,September,West Bank,Bethlehem,PS0145,civilian_targeting,9,0
2023-09-01,2023,9,September,West Bank,Al Quds,PS0140,civilian_targeting,16,0
2023-09-01,2023,9,September,West Bank,Hebron,PS0150,civilian_targeting,14,0
2023-09-01,2023,9,September,West Bank,Tulkarm,PS0110,civilian_targeting,3,0
2023-09-01,2023,9,September,West Bank,Tubas,PS0105,civilian_targeting,3,0
2023-10-01,2023,10,October,West Bank,Jenin,PS0101,civilian_targeting,13,0
2023-10-01,2023,10,October,West Bank,Jericho,PS0135,civilian_targeting,15,0
2023-10-01,2023,10,October,West Bank,Qalqilya,PS0120,civilian_targeting,25,1
2023-10-01,2023,10,October,West Bank,Salfit,PS0125,civilian_targeting,37,0
2023-10-01,2023,10,October,West Bank,Nablus,PS0115,civilian_targeting,83,7
2023-10-01,2023,10,October,West Bank,Ramallah and Al Bireh,PS0130,civilian_targeting,69,1
2023-10-01,2023,10,October,West Bank,Bethlehem,PS0145,civilian_targeting,28,0
2023-10-01,2023,10,October,West Bank,Al Quds,PS0140,civilian_targeting,18,0
2023-10-01,2023,10,October,West Bank,Hebron,PS0150,civilian_targeting,127,4
2023-10-01,2023,10,October,West Bank,Tulkarm,PS0110,civilian_targeting,15,3
2023-10-01,2023,10,October,West Bank,Tubas,PS0105,civilian_targeting,11,0
2023-11-01,2023,11,November,West Bank,Jenin,PS0101,civilian_targeting,11,5
2023-11-01,2023,11,November,West Bank,Jericho,PS0135,civilian_targeting,11,1
2023-11-01,2023,11,November,West Bank,Qalqilya,PS0120,civilian_targeting,16,1
2023-11-01,2023,11,November,West Bank,Salfit,PS0125,civilian_targeting,19,0
2023-11-01,2023,11,November,West Bank,Nablus,PS0115,civilian_targeting,53,1
2023-11-01,2023,11,November,West Bank,Ramallah and Al Bireh,PS0130,civilian_targeting,29,0
2023-11-01,2023,11,November,West Bank,Bethlehem,PS0145,civilian_targeting,13,0
2023-11-01,2023,11,November,West Bank,Al Quds,PS0140,civilian_targeting,8,0
2023-11-01,2023,11,November,West Bank,Hebron,PS0150,civilian_targeting,44,2
2023-11-01,2023,11,November,West Bank,Tulkarm,PS0110,civilian_targeting,21,9
2023-11-01,2023,11,November,West Bank,Tubas,PS0105,civilian_targeting,13,1
2023-12-01,2023,12,December,West Bank,Jenin,PS0101,civilian_targeting,9,1
2023-12-01,2023,12,December,West Bank,Jericho,PS0135,civilian_targeting,5,0
2023-12-01,2023,12,December,West Bank,Qalqilya,PS0120,civilian_targeting,14,0
2023-12-01,2023,12,December,West Bank,Salfit,PS0125,civilian_targeting,8,0
2023-12-01,2023,12,December,West Bank,Nablus,PS0115,civilian_targeting,25,0
2023-12-01,2023,12,December,West Bank,Ramallah and Al Bireh,PS0130,civilian_targeting,18,0
2023-12-01,2023,12,December,West Bank,Bethlehem,PS0145,civilian_targeting,12,1
2023-12-01,2023,12,December,West Bank,Al Quds,PS0140,civilian_targeting,5,1
2023-12-01,2023,12,December,West Bank,Hebron,PS0150,civilian_targeting,27,3
2023-12-01,2023,12,December,West Bank,Tulkarm,PS0110,civilian_targeting,7,1
2023-12-01,2023,12,December,West Bank,Tubas,PS0105,civilian_targeting,2,0
2024-01-01,2024,1,January,West Bank,Jenin,PS0101,civilian_targeting,13,0
2024-01-01,2024,1,January,West Bank,Jericho,PS0135,civilian_targeting,1,0
2024-01-01,2024,1,January,West Bank,Qalqilya,PS0120,civilian_targeting,12,0
2024-01-01,2024,1,January,West Bank,Salfit,PS0125,civilian_targeting,7,0
2024-01-01,2024,1,January,West Bank,Nablus,PS0115,civilian_targeting,27,0
2024-01-01,2024,1,January,West Bank,Ramallah and Al Bireh,PS0130,civilian_targeting,15,2
2024-01-01,2024,1,January,West Bank,Bethlehem,PS0145,civilian_targeting,12,0
2024-01-01,2024,1,January,West Bank,Al Quds,PS0140,civilian_targeting,11,0
2024-01-01,2024,1,January,West Bank,Hebron,PS0150,civilian_targeting,37,2
2024-01-01,2024,1,January,West Bank,Tulkarm,PS0110,civilian_targeting,7,0
2024-01-01,2024,1,January,West Bank,Tubas,PS0105,civilian_targeting,1,0
2024-02-01,2024,2,February,West Bank,Jenin,PS0101,civilian_targeting,11,0
2024-02-01,2024,2,February,West Bank,Jericho,PS0135,civilian_targeting,4,0
2024-02-01,2024,2,February,West Bank,Qalqilya,PS0120,civilian_targeting,5,0
2024-02-01,2024,2,February,West Bank,Salfit,PS0125,civilian_targeting,8,0
2024-02-01,2024,2,February,West Bank,Nablus,PS0115,civilian_targeting,26,4
2024-02-01,2024,2,February,West Bank,Ramallah and Al Bireh,PS0130,civilian_targeting,22,0
2024-02-01,2024,2,February,West Bank,Bethlehem,PS0145,civilian_targeting,18,1
2024-02-01,2024,2,February,West Bank,Al Quds,PS0140,civilian_targeting,7,1
2024-02-01,2024,2,February,West Bank,Hebron,PS0150,civilian_targeting,34,2
2024-02-01,2024,2,February,West Bank,Tulkarm,PS0110,civilian_targeting,8,0
2024-02-01,2024,2,February,West Bank,Tubas,PS0105,civilian_targeting,0,0
2024-03-01,2024,3,March,West Bank,Jenin,PS0101,civilian_targeting,11,3
2024-03-01,2024,3,March,West Bank,Jericho,PS0135,civilian_targeting,5,0
2024-03-01,2024,3,March,West Bank,Qalqilya,PS0120,civilian_targeting,14,0
2024-03-01,2024,3,March,West Bank,Salfit,PS0125,civilian_targeting,5,0
2024-03-01,2024,3,March,West Bank,Nablus,PS0115,civilian_targeting,44,2
2024-03-01,2024,3,March,West Bank,Ramallah and Al Bireh,PS0130,civilian_targeting,24,2
2024-03-01,2024,3,March,West Bank,Bethlehem,PS0145,civilian_targeting,14,1
2024-03-01,2024,3,March,West Bank,Al Quds,PS0140,civilian_targeting,12,0
2024-03-01,2024,3,March,West Bank,Hebron,PS0150,civilian_targeting,35,0
2024-03-01,2024,3,March,West Bank,Tulkarm,PS0110,civilian_targeting,8,6
2024-03-01,2024,3,March,West Bank,Tubas,PS0105,civilian_targeting,6,0
2024-04-01,2024,4,April,West Bank,Jenin,PS0101,civilian_targeting,13,0
2024-04-01,2024,4,April,West Bank,Jericho,PS0135,civilian_targeting,7,0
2024-04-01,2024,4,April,West Bank,Qalqilya,PS0120,civilian_targeting,21,0
2024-04-01,2024,4,April,West Bank,Salfit,PS0125,civilian_targeting,10,0
2024-04-01,2024,4,April,West Bank,Nablus,PS0115,civilian_targeting,36,2
2024-04-01,2024,4,April,West Bank,Ramallah and Al Bireh,PS0130,civilian_targeting,27,1
2024-04-01,2024,4,April,West Bank,Bethlehem,PS0145,civilian_targeting,9,0
2024-04-01,2024,4,April,West Bank,Al Quds,PS0140,civilian_targeting,8,0
2024-04-01,2024,4,April,West Bank,Hebron,PS0150,civilian_targeting,25,1
2024-04-01,2024,4,April,West Bank,Tulkarm,PS0110,civilian_targeting,6,0
2024-04-01,2024,4,April,West Bank,Tubas,PS0105,civilian_targeting,3,0
2024-05-01,2024,5,May,West Bank,Jenin,PS0101,civilian_targeting,13,0
2024-05-01,2024,5,May,West Bank,Jericho,PS0135,civilian_targeting,10,0
2024-05-01,2024,5,May,West Bank,Qalqilya,PS0120,civilian_targeting,12,0
2024-05-01,2024,5,May,West Bank,Salfit,PS0125,civilian_targeting,15,0
2024-05-01,2024,5,May,West Bank,Nablus,PS0115,civilian_targeting,43,0
2024-05-01,2024,5,May,West Bank,Ramallah and Al Bireh,PS0130,civilian_targeting,32,0
2024-05-01,2024,5,May,West Bank,Bethlehem,PS0145,civilian_targeting,14,0
2024-05-01,2024,5,May,West Bank,Al Quds,PS0140,civilian_targeting,13,0
2024-05-01,2024,5,May,West Bank,Hebron,PS0150,civilian_targeting,31,0
2024-05-01,2024,5,May,West Bank,Tulkarm,PS0110,civilian_targeting,7,0
2024-05-01,2024,5,May,West Bank,Tubas,PS0105,civilian_targeting,4,0
2024-06-01,2024,6,June,West Bank,Jenin,PS0101,civilian_targeting,8,0
2024-06-01,2024,6,June,West Bank,Jericho,PS0135,civilian_targeting,6,0
2024-06-01,2024,6,June,West Bank,Qalqilya,PS0120,civilian_targeting,4,2
2024-06-01,2024,6,June,West Bank,Salfit,PS0125,civilian_targeting,7,0
2024-06-01,2024,6,June,West Bank,Nablus,PS0115,civilian_targeting,40,0
2024-06-01,2024,6,June,West Bank,Ramallah and Al Bireh,PS0130,civilian_targeting,21,0
2024-06-01,2024,6,June,West Bank,Bethlehem,PS0145,civilian_targeting,5,0
2024-06-01,2024,6,June,West Bank,Al Quds,PS0140,civilian_targeting,13,0
2024-06-01,2024,6,June,West Bank,Hebron,PS0150,civilian_targeting,35,0
2024-06-01,2024,6,June,West Bank,Tulkarm,PS0110,civilian_targeting,6,0
2024-06-01,2024,6,June,West Bank,Tubas,PS0105,civilian_targeting,3,0
2024-07-01,2024,7,July,West Bank,Jenin,PS0101,civilian_targeting,17,0
2024-07-01,2024,7,July,West Bank,Jericho,PS0135,civilian_targeting,6,0
2024-07-01,2024,7,July,West Bank,Qalqilya,PS0120,civilian_targeting,16,0
2024-07-01,2024,7,July,West Bank,Salfit,PS0125,civilian_targeting,10,0
2024-07-01,2024,7,July,West Bank,Nablus,PS0115,civilian_targeting,37,0
2024-07-01,2024,7,July,West Bank,Ramallah and Al Bireh,PS0130,civilian_targeting,46,2
2024-07-01,2024,7,July,West Bank,Bethlehem,PS0145,civilian_targeting,16,0
2024-07-01,2024,7,July,West Bank,Al Quds,PS0140,civilian_targeting,11,0
2024-07-01,2024,7,July,West Bank,Hebron,PS0150,civilian_targeting,43,1
2024-07-01,2024,7,July,West Bank,Tulkarm,PS0110,civilian_targeting,12,0
2024-07-01,2024,7,July,West Bank,Tubas,PS0105,civilian_targeting,2,1
2024-08-01,2024,8,August,West Bank,Jenin,PS0101,civilian_targeting,8,0
2024-08-01,2024,8,August,West Bank,Jericho,PS0135,civilian_targeting,10,0
2024-08-01,2024,8,August,West Bank,Qalqilya,PS0120,civilian_targeting,23,2
2024-08-01,2024,8,August,West Bank,Salfit,PS0125,civilian_targeting,24,2
2024-08-01,2024,8,August,West Bank,Nablus,PS0115,civilian_targeting,38,0
2024-08-01,2024,8,August,West Bank,Ramallah and Al Bireh,PS0130,civilian_targeting,33,1
2024-08-01,2024,8,August,West Bank,Bethlehem,PS0145,civilian_targeting,15,1
2024-08-01,2024,8,August,West Bank,Al Quds,PS0140,civilian_targeting,7,1
2024-08-01,2024,8,August,West Bank,Hebron,PS0150,civilian_targeting,34,1
2024-08-01,2024,8,August,West Bank,Tulkarm,PS0110,civilian_targeting,15,0
2024-08-01,2024,8,August,West Bank,Tubas,PS0105,civilian_targeting,10,1
2024-09-01,2024,9,September,West Bank,Jenin,PS0101,civilian_targeting,14,3
2024-09-01,2024,9,September,West Bank,Jericho,PS0135,civilian_targeting,11,4
2024-09-01,2024,9,September,West Bank,Qalqilya,PS0120,civilian_targeting,13,0
2024-09-01,2024,9,September,West Bank,Salfit,PS0125,civilian_targeting,9,0
2024-09-01,2024,9,September,West Bank,Nablus,PS0115,civilian_targeting,31,2
2024-09-01,2024,9,September,West Bank,Ramallah and Al Bireh,PS0130,civilian_targeting,23,2
2024-09-01,2024,9,September,West Bank,Bethlehem,PS0145,civilian_targeting,19,0
2024-09-01,2024,9,September,West Bank,Al Quds,PS0140,civilian_targeting,6,0
2024-09-01,2024,9,September,West Bank,Hebron,PS0150,civilian_targeting,48,1
2024-09-01,2024,9,September,West Bank,Tulkarm,PS0110,civilian_targeting,6,1
2024-09-01,2024,9,September,West Bank,Tubas,PS0105,civilian_targeting,6,1
2024-10-01,2024,10,October,West Bank,Jenin,PS0101,civilian_targeting,17,1
2024-10-01,2024,10,October,West Bank,Jericho,PS0135,civilian_targeting,4,1
2024-10-01,2024,10,October,West Bank,Qalqilya,PS0120,civilian_targeting,12,1
2024-10-01,2024,10,October,West Bank,Salfit,PS0125,civilian_targeting,23,0
2024-10-01,2024,10,October,West Bank,Nablus,PS0115,civilian_targeting,77,0
2024-10-01,2024,10,October,West Bank,Ramallah and Al Bireh,PS0130,civilian_targeting,36,0
2024-10-01,2024,10,October,West Bank,Bethlehem,PS0145,civilian_targeting,20,0
2024-10-01,2024,10,October,West Bank,Al Quds,PS0140,civilian_targeting,12,0
2024-10-01,2024,10,October,West Bank,Hebron,PS0150,civilian_targeting,33,1
2024-10-01,2024,10,October,West Bank,Tulkarm,PS0110,civilian_targeting,23,1
2024-10-01,2024,10,October,West Bank,Tubas,PS0105,civilian_targeting,9,0
2024-11-01,2024,11,November,West Bank,Jenin,PS0101,civilian_targeting,5,0
2024-11-01,2024,11,November,West Bank,Jericho,PS0135,civilian_targeting,4,0
2024-11-01,2024,11,November,West Bank,Qalqilya,PS0120,civilian_targeting,10,0
2024-11-01,2024,11,November,West Bank,Salfit,PS0125,civilian_targeting,21,1
2024-11-01,2024,11,November,West Bank,Nablus,PS0115,civilian_targeting,28,1
2024-11-01,2024,11,November,West Bank,Ramallah and Al Bireh,PS0130,civilian_targeting,22,0
2024-11-01,2024,11,November,West Bank,Bethlehem,PS0145,civilian_targeting,14,0
2024-11-01,2024,11,November,West Bank,Al Quds,PS0140,civilian_targeting,10,1
2024-11-01,2024,11,November,West Bank,Hebron,PS0150,civilian_targeting,34,0
2024-11-01,2024,11,November,West Bank,Tulkarm,PS0110,civilian_targeting,12,0
2024-11-01,2024,11,November,West Bank,Tubas,PS0105,civilian_targeting,2,0
2024-12-01,2024,12,December,West Bank,Jenin,PS0101,civilian_targeting,5,2
2024-12-01,2024,12,December,West Bank,Jericho,PS0135,civilian_targeting,6,0
2024-12-01,2024,12,December,West Bank,Qalqilya,PS0120,civilian_targeting,8,2
2024-12-01,2024,12,December,West Bank,Salfit,PS0125,civilian_targeting,9,0
2024-12-01,2024,12,December,West Bank,Nablus,PS0115,civilian_targeting,22,1
2024-12-01,2024,12,December,West Bank,Ramallah and Al Bireh,PS0130,civilian_targeting,21,0
2024-12-01,2024,12,December,West Bank,Bethlehem,PS0145,civilian_targeting,11,2
2024-12-01,2024,12,December,West Bank,Al Quds,PS0140,civilian_targeting,7,1
2024-12-01,2024,12,December,West Bank,Hebron,PS0150,civilian_targeting,19,0
2024-12-01,2024,12,December,West Bank,Tulkarm,PS0110,civilian_targeting,3,0
2024-12-01,2024,12,December,West Bank,Tubas,PS0105,civilian_targeting,7,0
2025-01-01,2025,1,January,West Bank,Jenin,PS0101,civilian_targeting,12,2
2025-01-01,2025,1,January,West Bank,Jericho,PS0135,civilian_targeting,10,0
2025-01-01,2025,1,January,West Bank,Qalqilya,PS0120,civilian_targeting,32,3
2025-01-01,2025,1,January,West Bank,Salfit,PS0125,civilian_targeting,32,0
2025-01-01,2025,1,January,West Bank,Nablus,PS0115,civilian_targeting,59,0
2025-01-01,2025,1,January,West Bank,Ramallah and Al Bireh,PS0130,civilian_targeting,41,0
2025-01-01,2025,1,January,West Bank,Bethlehem,PS0145,civilian_targeting,17,0
2025-01-01,2025,1,January,West Bank,Al Quds,PS0140,civilian_targeting,7,1
2025-01-01,2025,1,January,West Bank,Hebron,PS0150,civilian_targeting,37,0
2025-01-01,2025,1,January,West Bank,Tulkarm,PS0110,civilian_targeting,4,0
2025-01-01,2025,1,January,West Bank,Tubas,PS0105,civilian_targeting,7,0
2025-02-01,2025,2,February,West Bank,Jenin,PS0101,civilian_targeting,36,1
2025-02-01,2025,2,February,West Bank,Jericho,PS0135,civilian_targeting,8,0
2025-02-01,2025,2,February,West Bank,Qalqilya,PS0120,civilian_targeting,12,2
2025-02-01,2025,2,February,West Bank,Salfit,PS0125,civilian_targeting,12,0
2025-02-01,2025,2,February,West Bank,Nablus,PS0115,civilian_targeting,27,0
2025-02-01,2025,2,February,West Bank,Ramallah and Al Bireh,PS0130,civilian_targeting,25,0
2025-02-01,2025,2,February,West Bank,Bethlehem,PS0145,civilian_targeting,16,0
2025-02-01,2025,2,February,West Bank,Al Quds,PS0140,civilian_targeting,11,0
2025-02-01,2025,2,February,West Bank,Hebron,PS0150,civilian_targeting,22,1
2025-02-01,2025,2,February,West Bank,Tulkarm,PS0110,civilian_targeting,35,3
2025-02-01,2025,2,February,West Bank,Tubas,PS0105,civilian_targeting,18,0
2025-03-01,2025,3,March,West Bank,Jenin,PS0101,civilian_targeting,35,2
2025-03-01,2025,3,March,West Bank,Jericho,PS0135,civilian_targeting,4,0
2025-03-01,2025,3,March,West Bank,Qalqilya,PS0120,civilian_targeting,14,0
2025-03-01,2025,3,March,West Bank,Salfit,PS0125,civilian_targeting,15,0
2025-03-01,2025,3,March,West Bank,Nablus,PS0115,civilian_targeting,45,1
2025-03-01,2025,3,March,West Bank,Ramallah and Al Bireh,PS0130,civilian_targeting,23,0
2025-03-01,2025,3,March,West Bank,Bethlehem,PS0145,civilian_targeting,12,0
2025-03-01,2025,3,March,West Bank,Al Quds,PS0140,civilian_targeting,16,0
2025-03-01,2025,3,March,West Bank,Hebron,PS0150,civilian_targeting,45,0
2025-03-01,2025,3,March,West Bank,Tulkarm,PS0110,civilian_targeting,34,0
2025-03-01,2025,3,March,West Bank,Tubas,PS0105,civilian_targeting,6,0
2025-04-01,2025,4,April,West Bank,Jenin,PS0101,civilian_targeting,29,1
2025-04-01,2025,4,April,West Bank,Jericho,PS0135,civilian_targeting,11,0
2025-04-01,2025,4,April,West Bank,Qalqilya,PS0120,civilian_targeting,7,0
2025-04-01,2025,4,April,West Bank,Salfit,PS0125,civilian_targeting,24,0
2025-04-01,2025,4,April,West Bank,Nablus,PS0115,civilian_targeting,26,0
2025-04-01,2025,4,April,West Bank,Ramallah and Al Bireh,PS0130,civilian_targeting,30,3
2025-04-01,2025,4,April,West Bank,Bethlehem,PS0145,civilian_targeting,23,1
2025-04-01,2025,4,April,West Bank,Al Quds,PS0140,civilian_targeting,16,0
2025-04-01,2025,4,April,West Bank,Hebron,PS0150,civilian_targeting,31,0
2025-04-01,2025,4,April,West Bank,Tulkarm,PS0110,civilian_targeting,38,0
2025-04-01,2025,4,April,West Bank,Tubas,PS0105,civilian_targeting,11,0
2025-05-01,2025,5,May,West Bank,Jenin,PS0101,civilian_targeting,39,0
2025-05-01,2025,5,May,West Bank,Jericho,PS0135,civilian_targeting,13,0
2025-05-01,2025,5,May,West Bank,Qalqilya,PS0120,civilian_targeting,9,0
2025-05-01,2025,5,May,West Bank,Salfit,PS0125,civilian_targeting,36,1
2025-05-01,2025,5,May,West Bank,Nablus,PS0115,civilian_targeting,36,0
2025-05-01,2025,5,May,West Bank,Ramallah and Al Bireh,PS0130,civilian_targeting,31,0
2025-05-01,2025,5,May,West Bank,Bethlehem,PS0145,civilian_targeting,21,0
2025-05-01,2025,5,May,West Bank,Al Quds,PS0140,civilian_targeting,9,0
2025-05-01,2025,5,May,West Bank,Hebron,PS0150,civilian_targeting,35,0
2025-05-01,2025,5,May,West Bank,Tulkarm,PS0110,civilian_targeting,36,0
2025-05-01,2025,5,May,West Bank,Tubas,PS0105,civilian_targeting,9,0
2025-06-01,2025,6,June,West Bank,Jenin,PS0101,civilian_targeting,35,0
2025-06-01,2025,6,June,West Bank,Jericho,PS0135,civilian_targeting,2,0
2025-06-01,2025,6,June,West Bank,Qalqilya,PS0120,civilian_targeting,7,0
2025-06-01,2025,6,June,West Bank,Salfit,PS0125,civilian_targeting,9,0
2025-06-01,2025,6,June,West Bank,Nablus,PS0115,civilian_targeting,47,0
2025-06-01,2025,6,June,West Bank,Ramallah and Al Bireh,PS0130,civilian_targeting,36,4
2025-06-01,2025,6,June,West Bank,Bethlehem,PS0145,civilian_targeting,12,0
2025-06-01,2025,6,June,West Bank,Al Quds,PS0140,civilian_targeting,20,1
2025-06-01,2025,6,June,West Bank,Hebron,PS0150,civilian_targeting,31,2
2025-06-01,2025,6,June,West Bank,Tulkarm,PS0110,civilian_targeting,38,0
2025-06-01,2025,6,June,West Bank,Tubas,PS0105,civilian_targeting,8,0
2025-07-01,2025,7,July,West Bank,Jenin,PS0101,civilian_targeting,36,2
2025-07-01,2025,7,July,West Bank,Jericho,PS0135,civilian_targeting,8,0
2025-07-01,2025,7,July,West Bank,Qalqilya,PS0120,civilian_targeting,5,0
2025-07-01,2025,7,July,West Bank,Salfit,PS0125,civilian_targeting,12,0
2025-07-01,2025,7,July,West Bank,Nablus,PS0115,civilian_targeting,38,0
2025-07-01,2025,7,July,West Bank,Ramallah and Al Bireh,PS0130,civilian_targeting,39,3
2025-07-01,2025,7,July,West Bank,Bethlehem,PS0145,civilian_targeting,32,0
2025-07-01,2025,7,July,West Bank,Al Quds,PS0140,civilian_targeting,17,0
2025-07-01,2025,7,July,West Bank,Hebron,PS0150,civilian_targeting,38,3
2025-07-01,2025,7,July,West Bank,Tulkarm,PS0110,civilian_targeting,42,1
2025-07-01,2025,7,July,West Bank,Tubas,PS0105,civilian_targeting,10,0
2025-08-01,2025,8,August,West Bank,Jenin,PS0101,civilian_targeting,38,0
2025-08-01,2025,8,August,West Bank,Jericho,PS0135,civilian_targeting,11,0
2025-08-01,2025,8,August,West Bank,Qalqilya,PS0120,civilian_targeting,0,0
2025-08-01,2025,8,August,West Bank,Salfit,PS0125,civilian_targeting,17,0
2025-08-01,2025,8,August,West Bank,Nablus,PS0115,civilian_targeting,26,1
2025-08-01,2025,8,August,West Bank,Ramallah and Al Bireh,PS0130,civilian_targeting,33,0
2025-08-01,2025,8,August,West Bank,Bethlehem,PS0145,civilian_targeting,13,0
2025-08-01,2025,8,August,West Bank,Al Quds,PS0140,civilian_targeting,13,0
2025-08-01,2025,8,August,West Bank,Hebron,PS0150,civilian_targeting,49,0
2025-08-01,2025,8,August,West Bank,Tulkarm,PS0110,civilian_targeting,32,0
2025-08-01,2025,8,August,West Bank,Tubas,PS0105,civilian_targeting,11,0
2025-09-01,2025,9,September,West Bank,Jenin,PS0101,civilian_targeting,40,2
2025-09-01,2025,9,September,West Bank,Jericho,PS0135,civilian_targeting,11,0
2025-09-01,2025,9,September,West Bank,Qalqilya,PS0120,civilian_targeting,13,0
2025-09-01,2025,9,September,West Bank,Salfit,PS0125,civilian_targeting,17,0
2025-09-01,2025,9,September,West Bank,Nablus,PS0115,civilian_targeting,49,1
2025-09-01,2025,9,September,West Bank,Ramallah and Al Bireh,PS0130,civilian_targeting,48,0
2025-09-01,2025,9,September,West Bank,Bethlehem,PS0145,civilian_targeting,17,0
2025-09-01,2025,9,September,West Bank,Al Quds,PS0140,civilian_targeting,19,9
2025-09-01,2025,9,September,West Bank,Hebron,PS0150,civilian_targeting,31,0
2025-09-01,2025,9,September,West Bank,Tulkarm,PS0110,civilian_targeting,31,0
2025-09-01,2025,9,September,West Bank,Tubas,PS0105,civilian_targeting,12,0
2025-10-01,2025,10,October,West Bank,Jenin,PS0101,civilian_targeting,46,0
2025-10-01,2025,10,October,West Bank,Jericho,PS0135,civilian_targeting,6,0
2025-10-01,2025,10,October,West Bank,Qalqilya,PS0120,civilian_targeting,17,0
2025-10-01,2025,10,October,West Bank,Salfit,PS0125,civilian_targeting,33,0
2025-10-01,2025,10,October,West Bank,Nablus,PS0115,civilian_targeting,92,1
2025-10-01,2025,10,October,West Bank,Ramallah and Al Bireh,PS0130,civilian_targeting,77,1
2025-10-01,2025,10,October,West Bank,Bethlehem,PS0145,civilian_targeting,16,0
2025-10-01,2025,10,October,West Bank,Al Quds,PS0140,civilian_targeting,34,1
2025-10-01,2025,10,October,West Bank,Hebron,PS0150,civilian_targeting,48,0
2025-10-01,2025,10,October,West Bank,Tulkarm,PS0110,civilian_targeting,44,0
2025-10-01,2025,10,October,West Bank,Tubas,PS0105,civilian_targeting,7,0
2025-11-01,2025,11,November,West Bank,Jenin,PS0101,civilian_targeting,37,0
2025-11-01,2025,11,November,West Bank,Jericho,PS0135,civilian_targeting,6,0
2025-11-01,2025,11,November,West Bank,Qalqilya,PS0120,civilian_targeting,10,0
2025-11-01,2025,11,November,West Bank,Salfit,PS0125,civilian_targeting,18,0
2025-11-01,2025,11,November,West Bank,Nablus,PS0115,civilian_targeting,51,0
2025-11-01,2025,11,November,West Bank,Ramallah and Al Bireh,PS0130,civilian_targeting,43,1
2025-11-01,2025,11,November,West Bank,Bethlehem,PS0145,civilian_targeting,19,3
2025-11-01,2025,11,November,West Bank,Al Quds,PS0140,civilian_targeting,38,0
2025-11-01,2025,11,November,West Bank,Hebron,PS0150,civilian_targeting,46,2
2025-11-01,2025,11,November,West Bank,Tulkarm,PS0110,civilian_targeting,38,0
2025-11-01,2025,11,November,West Bank,Tubas,PS0105,civilian_targeting,11,0
2025-12-01,2025,12,December,West Bank,Jenin,PS0101,civilian_targeting,33,0
2025-12-01,2025,12,December,West Bank,Jericho,PS0135,civilian_targeting,20,0
2025-12-01,2025,12,December,West Bank,Qalqilya,PS0120,civilian_targeting,9,0
2025-12-01,2025,12,December,West Bank,Salfit,PS0125,civilian_targeting,19,0
2025-12-01,2025,12,December,West Bank,Nablus,PS0115,civilian_targeting,43,1
2025-12-01,2025,12,December,West Bank,Ramallah and Al Bireh,PS0130,civilian_targeting,38,0
2025-12-01,2025,12,December,West Bank,Bethlehem,PS0145,civilian_targeting,25,1
2025-12-01,2025,12,December,West Bank,Al Quds,PS0140,civilian_targeting,41,0
2025-12-01,2025,12,December,West Bank,Hebron,PS0150,civilian_targeting,40,0
2025-12-01,2025,12,December,West Bank,Tulkarm,PS0110,civilian_targeting,34,0
2025-12-01,2025,12,December,West Bank,Tubas,PS0105,civilian_targeting,6,0
2026-01-01,2026,1,January,West Bank,Jenin,PS0101,civilian_targeting,13,0
2026-01-01,2026,1,January,West Bank,Jericho,PS0135,civilian_targeting,12,0
2026-01-01,2026,1,January,West Bank,Qalqilya,PS0120,civilian_targeting,11,0
2026-01-01,2026,1,January,West Bank,Salfit,PS0125,civilian_targeting,11,0
2026-01-01,2026,1,January,West Bank,Nablus,PS0115,civilian_targeting,71,2
2026-01-01,2026,1,January,West Bank,Ramallah and Al Bireh,PS0130,civilian_targeting,52,1
2026-01-01,2026,1,January,West Bank,Bethlehem,PS0145,civilian_targeting,19,0
2026-01-01,2026,1,January,West Bank,Al Quds,PS0140,civilian_targeting,25,0
2026-01-01,2026,1,January,West Bank,Hebron,PS0150,civilian_targeting,50,1
2026-01-01,2026,1,January,West Bank,Tulkarm,PS0110,civilian_targeting,14,0
2026-01-01,2026,1,January,West Bank,Tubas,PS0105,civilian_targeting,17,0
2026-02-01,2026,2,February,West Bank,Jenin,PS0101,civilian_targeting,8,0
2026-02-01,2026,2,February,West Bank,Jericho,PS0135,civilian_targeting,3,0
2026-02-01,2026,2,February,West Bank,Qalqilya,PS0120,civilian_targeting,12,4
2026-02-01,2026,2,February,West Bank,Salfit,PS0125,civilian_targeting,14,0
2026-02-01,2026,2,February,West Bank,Nablus,PS0115,civilian_targeting,51,1
2026-02-01,2026,2,February,West Bank,Ramallah and Al Bireh,PS0130,civilian_targeting,45,0
2026-02-01,2026,2,February,West Bank,Bethlehem,PS0145,civilian_targeting,20,0
2026-02-01,2026,2,February,West Bank,Al Quds,PS0140,civilian_targeting,31,0
2026-02-01,2026,2,February,West Bank,Hebron,PS0150,civilian_targeting,51,0
2026-02-01,2026,2,February,West Bank,Tulkarm,PS0110,civilian_targeting,8,0
2026-02-01,2026,2,February,West Bank,Tubas,PS0105,civilian_targeting,21,2
2026-03-01,2026,3,March,West Bank,Jenin,PS0101,civilian_targeting,6,0
2026-03-01,2026,3,March,West Bank,Jericho,PS0135,civilian_targeting,7,0
2026-03-01,2026,3,March,West Bank,Qalqilya,PS0120,civilian_targeting,12,0
2026-03-01,2026,3,March,West Bank,Salfit,PS0125,civilian_targeting,34,0
2026-03-01,2026,3,March,West Bank,Nablus,PS0115,civilian_targeting,91,2
2026-03-01,2026,3,March,West Bank,Ramallah and Al Bireh,PS0130,civilian_targeting,41,5
2026-03-01,2026,3,March,West Bank,Bethlehem,PS0145,civilian_targeting,22,1
2026-03-01,2026,3,March,West Bank,Al Quds,PS0140,civilian_targeting,29,1
2026-03-01,2026,3,March,West Bank,Hebron,PS0150,civilian_targeting,65,6
2026-03-01,2026,3,March,West Bank,Tulkarm,PS0110,civilian_targeting,13,0
2026-03-01,2026,3,March,West Bank,Tubas,PS0105,civilian_targeting,32,4
2026-04-01,2026,4,April,West Bank,Jenin,PS0101,civilian_targeting,12,0
2026-04-01,2026,4,April,West Bank,Jericho,PS0135,civilian_targeting,4,0
2026-04-01,2026,4,April,West Bank,Qalqilya,PS0120,civilian_targeting,11,1
2026-04-01,2026,4,April,West Bank,Salfit,PS0125,civilian_targeting,11,0
2026-04-01,2026,4,April,West Bank,Nablus,PS0115,civilian_targeting,58,0
2026-04-01,2026,4,April,West Bank,Ramallah and Al Bireh,PS0130,civilian_targeting,36,0
2026-04-01,2026,4,April,West Bank,Bethlehem,PS0145,civilian_targeting,20,0
2026-04-01,2026,4,April,West Bank,Al Quds,PS0140,civilian_targeting,9,0
2026-04-01,2026,4,April,West Bank,Hebron,PS0150,civilian_targeting,38,0
2026-04-01,2026,4,April,West Bank,Tulkarm,PS0110,civilian_targeting,8,0
2026-04-01,2026,4,April,West Bank,Tubas,PS0105,civilian_targeting,9,0
2016-01-01,2016,1,January,West Bank,Jenin,PS0101,demonstrations,0,0
2016-01-01,2016,1,January,West Bank,Jericho,PS0135,demonstrations,0,0
2016-01-01,2016,1,January,West Bank,Qalqilya,PS0120,demonstrations,2,0
2016-01-01,2016,1,January,West Bank,Salfit,PS0125,demonstrations,0,0
2016-01-01,2016,1,January,West Bank,Nablus,PS0115,demonstrations,0,0
2016-01-01,2016,1,January,West Bank,Ramallah and Al Bireh,PS0130,demonstrations,6,0
2016-01-01,2016,1,January,West Bank,Bethlehem,PS0145,demonstrations,4,0
2016-01-01,2016,1,January,West Bank,Al Quds,PS0140,demonstrations,4,0
2016-01-01,2016,1,January,West Bank,Hebron,PS0150,demonstrations,1,0
2016-01-01,2016,1,January,West Bank,Tulkarm,PS0110,demonstrations,0,0
2016-01-01,2016,1,January,West Bank,Tubas,PS0105,demonstrations,0,0
2016-02-01,2016,2,February,West Bank,Jenin,PS0101,demonstrations,0,0
2016-02-01,2016,2,February,West Bank,Jericho,PS0135,demonstrations,0,0
2016-02-01,2016,2,February,West Bank,Qalqilya,PS0120,demonstrations,2,0
2016-02-01,2016,2,February,West Bank,Salfit,PS0125,demonstrations,0,0
2016-02-01,2016,2,February,West Bank,Nablus,PS0115,demonstrations,0,0
2016-02-01,2016,2,February,West Bank,Ramallah and Al Bireh,PS0130,demonstrations,10,0
2016-02-01,2016,2,February,West Bank,Bethlehem,PS0145,demonstrations,0,0
2016-02-01,2016,2,February,West Bank,Al Quds,PS0140,demonstrations,2,0
2016-02-01,2016,2,February,West Bank,Hebron,PS0150,demonstrations,4,0
2016-02-01,2016,2,February,West Bank,Tulkarm,PS0110,demonstrations,0,0
2016-02-01,2016,2,February,West Bank,Tubas,PS0105,demonstrations,0,0
2016-03-01,2016,3,March,West Bank,Jenin,PS0101,demonstrations,1,0
2016-03-01,2016,3,March,West Bank,Jericho,PS0135,demonstrations,0,0
2016-03-01,2016,3,March,West Bank,Qalqilya,PS0120,demonstrations,5,0
2016-03-01,2016,3,March,West Bank,Salfit,PS0125,demonstrations,0,0
2016-03-01,2016,3,March,West Bank,Nablus,PS0115,demonstrations,2,0
2016-03-01,2016,3,March,West Bank,Ramallah and Al Bireh,PS0130,demonstrations,12,0
2016-03-01,2016,3,March,West Bank,Bethlehem,PS0145,demonstrations,4,0
2016-03-01,2016,3,March,West Bank,Al Quds,PS0140,demonstrations,2,0
2016-03-01,2016,3,March,West Bank,Hebron,PS0150,demonstrations,3,0
2016-03-01,2016,3,March,West Bank,Tulkarm,PS0110,demonstrations,1,0
2016-03-01,2016,3,March,West Bank,Tubas,PS0105,demonstrations,0,0
2016-04-01,2016,4,April,West Bank,Jenin,PS0101,demonstrations,0,0
2016-04-01,2016,4,April,West Bank,Jericho,PS0135,demonstrations,0,0
2016-04-01,2016,4,April,West Bank,Qalqilya,PS0120,demonstrations,3,0
2016-04-01,2016,4,April,West Bank,Salfit,PS0125,demonstrations,0,0
2016-04-01,2016,4,April,West Bank,Nablus,PS0115,demonstrations,0,0
2016-04-01,2016,4,April,West Bank,Ramallah and Al Bireh,PS0130,demonstrations,3,0
2016-04-01,2016,4,April,West Bank,Bethlehem,PS0145,demonstrations,0,0
2016-04-01,2016,4,April,West Bank,Al Quds,PS0140,demonstrations,1,0
2016-04-01,2016,4,April,West Bank,Hebron,PS0150,demonstrations,0,0
2016-04-01,2016,4,April,West Bank,Tulkarm,PS0110,demonstrations,0,0
2016-04-01,2016,4,April,West Bank,Tubas,PS0105,demonstrations,0,0
2016-05-01,2016,5,May,West Bank,Jenin,PS0101,demonstrations,0,0
2016-05-01,2016,5,May,West Bank,Jericho,PS0135,demonstrations,0,0
2016-05-01,2016,5,May,West Bank,Qalqilya,PS0120,demonstrations,3,0
2016-05-01,2016,5,May,West Bank,Salfit,PS0125,demonstrations,0,0
2016-05-01,2016,5,May,West Bank,Nablus,PS0115,demonstrations,1,0
2016-05-01,2016,5,May,West Bank,Ramallah and Al Bireh,PS0130,demonstrations,4,0
2016-05-01,2016,5,May,West Bank,Bethlehem,PS0145,demonstrations,1,0
2016-05-01,2016,5,May,West Bank,Al Quds,PS0140,demonstrations,1,0
2016-05-01,2016,5,May,West Bank,Hebron,PS0150,demonstrations,1,0
2016-05-01,2016,5,May,West Bank,Tulkarm,PS0110,demonstrations,0,0
2016-05-01,2016,5,May,West Bank,Tubas,PS0105,demonstrations,0,0
2016-06-01,2016,6,June,West Bank,Jenin,PS0101,demonstrations,0,0
2016-06-01,2016,6,June,West Bank,Jericho,PS0135,demonstrations,0,0
2016-06-01,2016,6,June,West Bank,Qalqilya,PS0120,demonstrations,0,0
2016-06-01,2016,6,June,West Bank,Salfit,PS0125,demonstrations,0,0
2016-06-01,2016,6,June,West Bank,Nablus,PS0115,demonstrations,0,0
2016-06-01,2016,6,June,West Bank,Ramallah and Al Bireh,PS0130,demonstrations,1,0
2016-06-01,2016,6,June,West Bank,Bethlehem,PS0145,demonstrations,0,0
2016-06-01,2016,6,June,West Bank,Al Quds,PS0140,demonstrations,6,0
2016-06-01,2016,6,June,West Bank,Hebron,PS0150,demonstrations,1,0
2016-06-01,2016,6,June,West Bank,Tulkarm,PS0110,demonstrations,0,0
2016-06-01,2016,6,June,West Bank,Tubas,PS0105,demonstrations,0,0
2016-07-01,2016,7,July,West Bank,Jenin,PS0101,demonstrations,0,0
2016-07-01,2016,7,July,West Bank,Jericho,PS0135,demonstrations,0,0
2016-07-01,2016,7,July,West Bank,Qalqilya,PS0120,demonstrations,2,0
2016-07-01,2016,7,July,West Bank,Salfit,PS0125,demonstrations,0,0
2016-07-01,2016,7,July,West Bank,Nablus,PS0115,demonstrations,0,0
2016-07-01,2016,7,July,West Bank,Ramallah and Al Bireh,PS0130,demonstrations,1,0
2016-07-01,2016,7,July,West Bank,Bethlehem,PS0145,demonstrations,0,0
2016-07-01,2016,7,July,West Bank,Al Quds,PS0140,demonstrations,3,0
2016-07-01,2016,7,July,West Bank,Hebron,PS0150,demonstrations,0,0
2016-07-01,2016,7,July,West Bank,Tulkarm,PS0110,demonstrations,0,0
2016-07-01,2016,7,July,West Bank,Tubas,PS0105,demonstrations,0,0
2016-08-01,2016,8,August,West Bank,Jenin,PS0101,demonstrations,0,0
2016-08-01,2016,8,August,West Bank,Jericho,PS0135,demonstrations,0,0
2016-08-01,2016,8,August,West Bank,Qalqilya,PS0120,demonstrations,0,0
2016-08-01,2016,8,August,West Bank,Salfit,PS0125,demonstrations,0,0
2016-08-01,2016,8,August,West Bank,Nablus,PS0115,demonstrations,2,0
2016-08-01,2016,8,August,West Bank,Ramallah and Al Bireh,PS0130,demonstrations,3,0
2016-08-01,2016,8,August,West Bank,Bethlehem,PS0145,demonstrations,0,0
2016-08-01,2016,8,August,West Bank,Al Quds,PS0140,demonstrations,0,0
2016-08-01,2016,8,August,West Bank,Hebron,PS0150,demonstrations,1,0
2016-08-01,2016,8,August,West Bank,Tulkarm,PS0110,demonstrations,0,0
2016-08-01,2016,8,August,West Bank,Tubas,PS0105,demonstrations,0,0
2016-09-01,2016,9,September,West Bank,Jenin,PS0101,demonstrations,0,0
2016-09-01,2016,9,September,West Bank,Jericho,PS0135,demonstrations,0,0
2016-09-01,2016,9,September,West Bank,Qalqilya,PS0120,demonstrations,2,0
2016-09-01,2016,9,September,West Bank,Salfit,PS0125,demonstrations,0,0
2016-09-01,2016,9,September,West Bank,Nablus,PS0115,demonstrations,1,0
2016-09-01,2016,9,September,West Bank,Ramallah and Al Bireh,PS0130,demonstrations,6,0
2016-09-01,2016,9,September,West Bank,Bethlehem,PS0145,demonstrations,1,0
2016-09-01,2016,9,September,West Bank,Al Quds,PS0140,demonstrations,0,0
2016-09-01,2016,9,September,West Bank,Hebron,PS0150,demonstrations,0,0
2016-09-01,2016,9,September,West Bank,Tulkarm,PS0110,demonstrations,0,0
2016-09-01,2016,9,September,West Bank,Tubas,PS0105,demonstrations,0,0
2016-10-01,2016,10,October,West Bank,Jenin,PS0101,demonstrations,0,0
2016-10-01,2016,10,October,West Bank,Jericho,PS0135,demonstrations,0,0
2016-10-01,2016,10,October,West Bank,Qalqilya,PS0120,demonstrations,1,0
2016-10-01,2016,10,October,West Bank,Salfit,PS0125,demonstrations,0,0
2016-10-01,2016,10,October,West Bank,Nablus,PS0115,demonstrations,0,0
2016-10-01,2016,10,October,West Bank,Ramallah and Al Bireh,PS0130,demonstrations,4,0
2016-10-01,2016,10,October,West Bank,Bethlehem,PS0145,demonstrations,0,0
2016-10-01,2016,10,October,West Bank,Al Quds,PS0140,demonstrations,2,0
2016-10-01,2016,10,October,West Bank,Hebron,PS0150,demonstrations,0,0
2016-10-01,2016,10,October,West Bank,Tulkarm,PS0110,demonstrations,1,0
2016-10-01,2016,10,October,West Bank,Tubas,PS0105,demonstrations,0,0
2016-11-01,2016,11,November,West Bank,Jenin,PS0101,demonstrations,0,0
2016-11-01,2016,11,November,West Bank,Jericho,PS0135,demonstrations,0,0
2016-11-01,2016,11,November,West Bank,Qalqilya,PS0120,demonstrations,1,0
2016-11-01,2016,11,November,West Bank,Salfit,PS0125,demonstrations,0,0
2016-11-01,2016,11,November,West Bank,Nablus,PS0115,demonstrations,0,0
2016-11-01,2016,11,November,West Bank,Ramallah and Al Bireh,PS0130,demonstrations,3,0
2016-11-01,2016,11,November,West Bank,Bethlehem,PS0145,demonstrations,0,0
2016-11-01,2016,11,November,West Bank,Al Quds,PS0140,demonstrations,0,0
2016-11-01,2016,11,November,West Bank,Hebron,PS0150,demonstrations,0,0
2016-11-01,2016,11,November,West Bank,Tulkarm,PS0110,demonstrations,0,0
2016-11-01,2016,11,November,West Bank,Tubas,PS0105,demonstrations,0,0
2016-12-01,2016,12,December,West Bank,Jenin,PS0101,demonstrations,0,0
2016-12-01,2016,12,December,West Bank,Jericho,PS0135,demonstrations,0,0
2016-12-01,2016,12,December,West Bank,Qalqilya,PS0120,demonstrations,3,0
2016-12-01,2016,12,December,West Bank,Salfit,PS0125,demonstrations,0,0
2016-12-01,2016,12,December,West Bank,Nablus,PS0115,demonstrations,0,0
2016-12-01,2016,12,December,West Bank,Ramallah and Al Bireh,PS0130,demonstrations,5,0
2016-12-01,2016,12,December,West Bank,Bethlehem,PS0145,demonstrations,0,0
2016-12-01,2016,12,December,West Bank,Al Quds,PS0140,demonstrations,0,0
2016-12-01,2016,12,December,West Bank,Hebron,PS0150,demonstrations,0,0
2016-12-01,2016,12,December,West Bank,Tulkarm,PS0110,demonstrations,0,0
2016-12-01,2016,12,December,West Bank,Tubas,PS0105,demonstrations,0,0
2017-01-01,2017,1,January,West Bank,Jenin,PS0101,demonstrations,0,0
2017-01-01,2017,1,January,West Bank,Jericho,PS0135,demonstrations,0,0
2017-01-01,2017,1,January,West Bank,Qalqilya,PS0120,demonstrations,5,0
2017-01-01,2017,1,January,West Bank,Salfit,PS0125,demonstrations,0,0
2017-01-01,2017,1,January,West Bank,Nablus,PS0115,demonstrations,3,0
2017-01-01,2017,1,January,West Bank,Ramallah and Al Bireh,PS0130,demonstrations,7,0
2017-01-01,2017,1,January,West Bank,Bethlehem,PS0145,demonstrations,2,0
2017-01-01,2017,1,January,West Bank,Al Quds,PS0140,demonstrations,3,0
2017-01-01,2017,1,January,West Bank,Hebron,PS0150,demonstrations,0,0
2017-01-01,2017,1,January,West Bank,Tulkarm,PS0110,demonstrations,0,0
2017-01-01,2017,1,January,West Bank,Tubas,PS0105,demonstrations,1,0
2017-02-01,2017,2,February,West Bank,Jenin,PS0101,demonstrations,1,0
2017-02-01,2017,2,February,West Bank,Jericho,PS0135,demonstrations,0,0
2017-02-01,2017,2,February,West Bank,Qalqilya,PS0120,demonstrations,4,0
2017-02-01,2017,2,February,West Bank,Salfit,PS0125,demonstrations,0,0
2017-02-01,2017,2,February,West Bank,Nablus,PS0115,demonstrations,0,0
2017-02-01,2017,2,February,West Bank,Ramallah and Al Bireh,PS0130,demonstrations,10,0
2017-02-01,2017,2,February,West Bank,Bethlehem,PS0145,demonstrations,1,0
2017-02-01,2017,2,February,West Bank,Al Quds,PS0140,demonstrations,8,0
2017-02-01,2017,2,February,West Bank,Hebron,PS0150,demonstrations,5,0
2017-02-01,2017,2,February,West Bank,Tulkarm,PS0110,demonstrations,0,0
2017-02-01,2017,2,February,West Bank,Tubas,PS0105,demonstrations,0,0
2017-03-01,2017,3,March,West Bank,Jenin,PS0101,demonstrations,0,0
2017-03-01,2017,3,March,West Bank,Jericho,PS0135,demonstrations,0,0
2017-03-01,2017,3,March,West Bank,Qalqilya,PS0120,demonstrations,4,0
2017-03-01,2017,3,March,West Bank,Salfit,PS0125,demonstrations,0,0
2017-03-01,2017,3,March,West Bank,Nablus,PS0115,demonstrations,3,0
2017-03-01,2017,3,March,West Bank,Ramallah and Al Bireh,PS0130,demonstrations,18,0
2017-03-01,2017,3,March,West Bank,Bethlehem,PS0145,demonstrations,4,0
2017-03-01,2017,3,March,West Bank,Al Quds,PS0140,demonstrations,4,0
2017-03-01,2017,3,March,West Bank,Hebron,PS0150,demonstrations,0,0
2017-03-01,2017,3,March,West Bank,Tulkarm,PS0110,demonstrations,0,0
2017-03-01,2017,3,March,West Bank,Tubas,PS0105,demonstrations,0,0
2017-04-01,2017,4,April,West Bank,Jenin,PS0101,demonstrations,1,0
2017-04-01,2017,4,April,West Bank,Jericho,PS0135,demonstrations,0,0
2017-04-01,2017,4,April,West Bank,Qalqilya,PS0120,demonstrations,4,0
2017-04-01,2017,4,April,West Bank,Salfit,PS0125,demonstrations,3,0
2017-04-01,2017,4,April,West Bank,Nablus,PS0115,demonstrations,7,0
2017-04-01,2017,4,April,West Bank,Ramallah and Al Bireh,PS0130,demonstrations,19,0
2017-04-01,2017,4,April,West Bank,Bethlehem,PS0145,demonstrations,11,0
2017-04-01,2017,4,April,West Bank,Al Quds,PS0140,demonstrations,15,0
2017-04-01,2017,4,April,West Bank,Hebron,PS0150,demonstrations,5,0
2017-04-01,2017,4,April,West Bank,Tulkarm,PS0110,demonstrations,1,0
2017-04-01,2017,4,April,West Bank,Tubas,PS0105,demonstrations,0,0
2017-05-01,2017,5,May,West Bank,Jenin,PS0101,demonstrations,2,0
2017-05-01,2017,5,May,West Bank,Jericho,PS0135,demonstrations,0,0
2017-05-01,2017,5,May,West Bank,Qalqilya,PS0120,demonstrations,5,0
2017-05-01,2017,5,May,West Bank,Salfit,PS0125,demonstrations,4,0
2017-05-01,2017,5,May,West Bank,Nablus,PS0115,demonstrations,10,0
2017-05-01,2017,5,May,West Bank,Ramallah and Al Bireh,PS0130,demonstrations,30,0
2017-05-01,2017,5,May,West Bank,Bethlehem,PS0145,demonstrations,8,0
2017-05-01,2017,5,May,West Bank,Al Quds,PS0140,demonstrations,16,0
2017-05-01,2017,5,May,West Bank,Hebron,PS0150,demonstrations,9,0
2017-05-01,2017,5,May,West Bank,Tulkarm,PS0110,demonstrations,4,0
2017-05-01,2017,5,May,West Bank,Tubas,PS0105,demonstrations,1,0
2017-06-01,2017,6,June,West Bank,Jenin,PS0101,demonstrations,0,0
2017-06-01,2017,6,June,West Bank,Jericho,PS0135,demonstrations,0,0
2017-06-01,2017,6,June,West Bank,Qalqilya,PS0120,demonstrations,5,0
2017-06-01,2017,6,June,West Bank,Salfit,PS0125,demonstrations,0,0
2017-06-01,2017,6,June,West Bank,Nablus,PS0115,demonstrations,0,0
2017-06-01,2017,6,June,West Bank,Ramallah and Al Bireh,PS0130,demonstrations,1,0
2017-06-01,2017,6,June,West Bank,Bethlehem,PS0145,demonstrations,1,0
2017-06-01,2017,6,June,West Bank,Al Quds,PS0140,demonstrations,3,0
2017-06-01,2017,6,June,West Bank,Hebron,PS0150,demonstrations,1,0
2017-06-01,2017,6,June,West Bank,Tulkarm,PS0110,demonstrations,0,0
2017-06-01,2017,6,June,West Bank,Tubas,PS0105,demonstrations,0,0
2017-07-01,2017,7,July,West Bank,Jenin,PS0101,demonstrations,1,0
2017-07-01,2017,7,July,West Bank,Jericho,PS0135,demonstrations,0,0
2017-07-01,2017,7,July,West Bank,Qalqilya,PS0120,demonstrations,5,0
2017-07-01,2017,7,July,West Bank,Salfit,PS0125,demonstrations,0,0
2017-07-01,2017,7,July,West Bank,Nablus,PS0115,demonstrations,1,0
2017-07-01,2017,7,July,West Bank,Ramallah and Al Bireh,PS0130,demonstrations,8,0
2017-07-01,2017,7,July,West Bank,Bethlehem,PS0145,demonstrations,4,0
2017-07-01,2017,7,July,West Bank,Al Quds,PS0140,demonstrations,14,0
2017-07-01,2017,7,July,West Bank,Hebron,PS0150,demonstrations,3,0
2017-07-01,2017,7,July,West Bank,Tulkarm,PS0110,demonstrations,0,0
2017-07-01,2017,7,July,West Bank,Tubas,PS0105,demonstrations,0,0
2017-08-01,2017,8,August,West Bank,Jenin,PS0101,demonstrations,0,0
2017-08-01,2017,8,August,West Bank,Jericho,PS0135,demonstrations,0,0
2017-08-01,2017,8,August,West Bank,Qalqilya,PS0120,demonstrations,4,0
2017-08-01,2017,8,August,West Bank,Salfit,PS0125,demonstrations,0,0
2017-08-01,2017,8,August,West Bank,Nablus,PS0115,demonstrations,0,0
2017-08-01,2017,8,August,West Bank,Ramallah and Al Bireh,PS0130,demonstrations,2,0
2017-08-01,2017,8,August,West Bank,Bethlehem,PS0145,demonstrations,1,0
2017-08-01,2017,8,August,West Bank,Al Quds,PS0140,demonstrations,2,0
2017-08-01,2017,8,August,West Bank,Hebron,PS0150,demonstrations,4,0
2017-08-01,2017,8,August,West Bank,Tulkarm,PS0110,demonstrations,0,0
2017-08-01,2017,8,August,West Bank,Tubas,PS0105,demonstrations,0,0
2017-09-01,2017,9,September,West Bank,Jenin,PS0101,demonstrations,0,0
2017-09-01,2017,9,September,West Bank,Jericho,PS0135,demonstrations,0,0
2017-09-01,2017,9,September,West Bank,Qalqilya,PS0120,demonstrations,4,0
2017-09-01,2017,9,September,West Bank,Salfit,PS0125,demonstrations,0,0
2017-09-01,2017,9,September,West Bank,Nablus,PS0115,demonstrations,0,0
2017-09-01,2017,9,September,West Bank,Ramallah and Al Bireh,PS0130,demonstrations,1,0
2017-09-01,2017,9,September,West Bank,Bethlehem,PS0145,demonstrations,2,0
2017-09-01,2017,9,September,West Bank,Al Quds,PS0140,demonstrations,2,0
2017-09-01,2017,9,September,West Bank,Hebron,PS0150,demonstrations,3,0
2017-09-01,2017,9,September,West Bank,Tulkarm,PS0110,demonstrations,1,0
2017-09-01,2017,9,September,West Bank,Tubas,PS0105,demonstrations,1,0
2017-10-01,2017,10,October,West Bank,Jenin,PS0101,demonstrations,0,0
2017-10-01,2017,10,October,West Bank,Jericho,PS0135,demonstrations,1,0
2017-10-01,2017,10,October,West Bank,Qalqilya,PS0120,demonstrations,2,0
2017-10-01,2017,10,October,West Bank,Salfit,PS0125,demonstrations,0,0
2017-10-01,2017,10,October,West Bank,Nablus,PS0115,demonstrations,0,0
2017-10-01,2017,10,October,West Bank,Ramallah and Al Bireh,PS0130,demonstrations,1,0
2017-10-01,2017,10,October,West Bank,Bethlehem,PS0145,demonstrations,0,0
2017-10-01,2017,10,October,West Bank,Al Quds,PS0140,demonstrations,1,0
2017-10-01,2017,10,October,West Bank,Hebron,PS0150,demonstrations,2,0
2017-10-01,2017,10,October,West Bank,Tulkarm,PS0110,demonstrations,0,0
2017-10-01,2017,10,October,West Bank,Tubas,PS0105,demonstrations,0,0
2017-11-01,2017,11,November,West Bank,Jenin,PS0101,demonstrations,0,0
2017-11-01,2017,11,November,West Bank,Jericho,PS0135,demonstrations,0,0
2017-11-01,2017,11,November,West Bank,Qalqilya,PS0120,demonstrations,4,0
2017-11-01,2017,11,November,West Bank,Salfit,PS0125,demonstrations,0,0
2017-11-01,2017,11,November,West Bank,Nablus,PS0115,demonstrations,1,0
2017-11-01,2017,11,November,West Bank,Ramallah and Al Bireh,PS0130,demonstrations,4,0
2017-11-01,2017,11,November,West Bank,Bethlehem,PS0145,demonstrations,4,0
2017-11-01,2017,11,November,West Bank,Al Quds,PS0140,demonstrations,3,0
2017-11-01,2017,11,November,West Bank,Hebron,PS0150,demonstrations,2,0
2017-11-01,2017,11,November,West Bank,Tulkarm,PS0110,demonstrations,0,0
2017-11-01,2017,11,November,West Bank,Tubas,PS0105,demonstrations,0,0
2017-12-01,2017,12,December,West Bank,Jenin,PS0101,demonstrations,3,0
2017-12-01,2017,12,December,West Bank,Jericho,PS0135,demonstrations,2,0
2017-12-01,2017,12,December,West Bank,Qalqilya,PS0120,demonstrations,6,0
2017-12-01,2017,12,December,West Bank,Salfit,PS0125,demonstrations,3,0
2017-12-01,2017,12,December,West Bank,Nablus,PS0115,demonstrations,15,0
2017-12-01,2017,12,December,West Bank,Ramallah and Al Bireh,PS0130,demonstrations,22,0
2017-12-01,2017,12,December,West Bank,Bethlehem,PS0145,demonstrations,14,0
2017-12-01,2017,12,December,West Bank,Al Quds,PS0140,demonstrations,19,0
2017-12-01,2017,12,December,West Bank,Hebron,PS0150,demonstrations,19,0
2017-12-01,2017,12,December,West Bank,Tulkarm,PS0110,demonstrations,8,0
2017-12-01,2017,12,December,West Bank,Tubas,PS0105,demonstrations,1,0
2018-01-01,2018,1,January,West Bank,Jenin,PS0101,demonstrations,0,0
2018-01-01,2018,1,January,West Bank,Jericho,PS0135,demonstrations,3,0
2018-01-01,2018,1,January,West Bank,Qalqilya,PS0120,demonstrations,3,0
2018-01-01,2018,1,January,West Bank,Salfit,PS0125,demonstrations,0,0
2018-01-01,2018,1,January,West Bank,Nablus,PS0115,demonstrations,4,0
2018-01-01,2018,1,January,West Bank,Ramallah and Al Bireh,PS0130,demonstrations,8,0
2018-01-01,2018,1,January,West Bank,Bethlehem,PS0145,demonstrations,8,0
2018-01-01,2018,1,January,West Bank,Al Quds,PS0140,demonstrations,7,0
2018-01-01,2018,1,January,West Bank,Hebron,PS0150,demonstrations,1,0
2018-01-01,2018,1,January,West Bank,Tulkarm,PS0110,demonstrations,0,0
2018-01-01,2018,1,January,West Bank,Tubas,PS0105,demonstrations,0,0
2018-02-01,2018,2,February,West Bank,Jenin,PS0101,demonstrations,0,0
2018-02-01,2018,2,February,West Bank,Jericho,PS0135,demonstrations,1,0
2018-02-01,2018,2,February,West Bank,Qalqilya,PS0120,demonstrations,4,0
2018-02-01,2018,2,February,West Bank,Salfit,PS0125,demonstrations,0,0
2018-02-01,2018,2,February,West Bank,Nablus,PS0115,demonstrations,11,0
2018-02-01,2018,2,February,West Bank,Ramallah and Al Bireh,PS0130,demonstrations,17,0
2018-02-01,2018,2,February,West Bank,Bethlehem,PS0145,demonstrations,0,0
2018-02-01,2018,2,February,West Bank,Al Quds,PS0140,demonstrations,3,0
2018-02-01,2018,2,February,West Bank,Hebron,PS0150,demonstrations,4,0
2018-02-01,2018,2,February,West Bank,Tulkarm,PS0110,demonstrations,0,0
2018-02-01,2018,2,February,West Bank,Tubas,PS0105,demonstrations,2,0
2018-03-01,2018,3,March,West Bank,Jenin,PS0101,demonstrations,0,0
2018-03-01,2018,3,March,West Bank,Jericho,PS0135,demonstrations,1,0
2018-03-01,2018,3,March,West Bank,Qalqilya,PS0120,demonstrations,6,0
2018-03-01,2018,3,March,West Bank,Salfit,PS0125,demonstrations,0,0
2018-03-01,2018,3,March,West Bank,Nablus,PS0115,demonstrations,7,0
2018-03-01,2018,3,March,West Bank,Ramallah and Al Bireh,PS0130,demonstrations,13,0
2018-03-01,2018,3,March,West Bank,Bethlehem,PS0145,demonstrations,2,0
2018-03-01,2018,3,March,West Bank,Al Quds,PS0140,demonstrations,1,0
2018-03-01,2018,3,March,West Bank,Hebron,PS0150,demonstrations,3,0
2018-03-01,2018,3,March,West Bank,Tulkarm,PS0110,demonstrations,0,0
2018-03-01,2018,3,March,West Bank,Tubas,PS0105,demonstrations,0,0
2018-04-01,2018,4,April,West Bank,Jenin,PS0101,demonstrations,1,0
2018-04-01,2018,4,April,West Bank,Jericho,PS0135,demonstrations,1,0
2018-04-01,2018,4,April,West Bank,Qalqilya,PS0120,demonstrations,7,0
2018-04-01,2018,4,April,West Bank,Salfit,PS0125,demonstrations,0,0
2018-04-01,2018,4,April,West Bank,Nablus,PS0115,demonstrations,8,0
2018-04-01,2018,4,April,West Bank,Ramallah and Al Bireh,PS0130,demonstrations,28,0
2018-04-01,2018,4,April,West Bank,Bethlehem,PS0145,demonstrations,1,0
2018-04-01,2018,4,April,West Bank,Al Quds,PS0140,demonstrations,7,0
2018-04-01,2018,4,April,West Bank,Hebron,PS0150,demonstrations,5,0
2018-04-01,2018,4,April,West Bank,Tulkarm,PS0110,demonstrations,0,0
2018-04-01,2018,4,April,West Bank,Tubas,PS0105,demonstrations,0,0
2018-05-01,2018,5,May,West Bank,Jenin,PS0101,demonstrations,0,0
2018-05-01,2018,5,May,West Bank,Jericho,PS0135,demonstrations,2,0
2018-05-01,2018,5,May,West Bank,Qalqilya,PS0120,demonstrations,15,0
2018-05-01,2018,5,May,West Bank,Salfit,PS0125,demonstrations,0,0
2018-05-01,2018,5,May,West Bank,Nablus,PS0115,demonstrations,4,0
2018-05-01,2018,5,May,West Bank,Ramallah and Al Bireh,PS0130,demonstrations,22,0
2018-05-01,2018,5,May,West Bank,Bethlehem,PS0145,demonstrations,12,0
2018-05-01,2018,5,May,West Bank,Al Quds,PS0140,demonstrations,20,0
2018-05-01,2018,5,May,West Bank,Hebron,PS0150,demonstrations,13,0
2018-05-01,2018,5,May,West Bank,Tulkarm,PS0110,demonstrations,3,0
2018-05-01,2018,5,May,West Bank,Tubas,PS0105,demonstrations,0,0
2018-06-01,2018,6,June,West Bank,Jenin,PS0101,demonstrations,0,0
2018-06-01,2018,6,June,West Bank,Jericho,PS0135,demonstrations,0,0
2018-06-01,2018,6,June,West Bank,Qalqilya,PS0120,demonstrations,4,0
2018-06-01,2018,6,June,West Bank,Salfit,PS0125,demonstrations,0,0
2018-06-01,2018,6,June,West Bank,Nablus,PS0115,demonstrations,1,0
2018-06-01,2018,6,June,West Bank,Ramallah and Al Bireh,PS0130,demonstrations,8,0
2018-06-01,2018,6,June,West Bank,Bethlehem,PS0145,demonstrations,3,0
2018-06-01,2018,6,June,West Bank,Al Quds,PS0140,demonstrations,0,0
2018-06-01,2018,6,June,West Bank,Hebron,PS0150,demonstrations,2,0
2018-06-01,2018,6,June,West Bank,Tulkarm,PS0110,demonstrations,0,0
2018-06-01,2018,6,June,West Bank,Tubas,PS0105,demonstrations,0,0
2018-07-01,2018,7,July,West Bank,Jenin,PS0101,demonstrations,1,0
2018-07-01,2018,7,July,West Bank,Jericho,PS0135,demonstrations,0,0
2018-07-01,2018,7,July,West Bank,Qalqilya,PS0120,demonstrations,6,0
2018-07-01,2018,7,July,West Bank,Salfit,PS0125,demonstrations,0,0
2018-07-01,2018,7,July,West Bank,Nablus,PS0115,demonstrations,0,0
2018-07-01,2018,7,July,West Bank,Ramallah and Al Bireh,PS0130,demonstrations,10,0
2018-07-01,2018,7,July,West Bank,Bethlehem,PS0145,demonstrations,0,0
2018-07-01,2018,7,July,West Bank,Al Quds,PS0140,demonstrations,6,0
2018-07-01,2018,7,July,West Bank,Hebron,PS0150,demonstrations,3,0
2018-07-01,2018,7,July,West Bank,Tulkarm,PS0110,demonstrations,0,0
2018-07-01,2018,7,July,West Bank,Tubas,PS0105,demonstrations,0,0
2018-08-01,2018,8,August,West Bank,Jenin,PS0101,demonstrations,0,0
2018-08-01,2018,8,August,West Bank,Jericho,PS0135,demonstrations,0,0
2018-08-01,2018,8,August,West Bank,Qalqilya,PS0120,demonstrations,9,0
2018-08-01,2018,8,August,West Bank,Salfit,PS0125,demonstrations,0,0
2018-08-01,2018,8,August,West Bank,Nablus,PS0115,demonstrations,1,0
2018-08-01,2018,8,August,West Bank,Ramallah and Al Bireh,PS0130,demonstrations,12,0
2018-08-01,2018,8,August,West Bank,Bethlehem,PS0145,demonstrations,2,0
2018-08-01,2018,8,August,West Bank,Al Quds,PS0140,demonstrations,5,0
2018-08-01,2018,8,August,West Bank,Hebron,PS0150,demonstrations,1,0
2018-08-01,2018,8,August,West Bank,Tulkarm,PS0110,demonstrations,0,0
2018-08-01,2018,8,August,West Bank,Tubas,PS0105,demonstrations,1,0
2018-09-01,2018,9,September,West Bank,Jenin,PS0101,demonstrations,1,0
2018-09-01,2018,9,September,West Bank,Jericho,PS0135,demonstrations,0,0
2018-09-01,2018,9,September,West Bank,Qalqilya,PS0120,demonstrations,5,0
2018-09-01,2018,9,September,West Bank,Salfit,PS0125,demonstrations,0,0
2018-09-01,2018,9,September,West Bank,Nablus,PS0115,demonstrations,3,0
2018-09-01,2018,9,September,West Bank,Ramallah and Al Bireh,PS0130,demonstrations,19,0
2018-09-01,2018,9,September,West Bank,Bethlehem,PS0145,demonstrations,2,0
2018-09-01,2018,9,September,West Bank,Al Quds,PS0140,demonstrations,20,0
2018-09-01,2018,9,September,West Bank,Hebron,PS0150,demonstrations,1,0
2018-09-01,2018,9,September,West Bank,Tulkarm,PS0110,demonstrations,0,0
2018-09-01,2018,9,September,West Bank,Tubas,PS0105,demonstrations,0,0
2018-10-01,2018,10,October,West Bank,Jenin,PS0101,demonstrations,0,0
2018-10-01,2018,10,October,West Bank,Jericho,PS0135,demonstrations,0,0
2018-10-01,2018,10,October,West Bank,Qalqilya,PS0120,demonstrations,7,0
2018-10-01,2018,10,October,West Bank,Salfit,PS0125,demonstrations,0,0
2018-10-01,2018,10,October,West Bank,Nablus,PS0115,demonstrations,3,0
2018-10-01,2018,10,October,West Bank,Ramallah and Al Bireh,PS0130,demonstrations,18,0
2018-10-01,2018,10,October,West Bank,Bethlehem,PS0145,demonstrations,1,0
2018-10-01,2018,10,October,West Bank,Al Quds,PS0140,demonstrations,14,0
2018-10-01,2018,10,October,West Bank,Hebron,PS0150,demonstrations,2,0
2018-10-01,2018,10,October,West Bank,Tulkarm,PS0110,demonstrations,0,0
2018-10-01,2018,10,October,West Bank,Tubas,PS0105,demonstrations,0,0
2018-11-01,2018,11,November,West Bank,Jenin,PS0101,demonstrations,0,0
2018-11-01,2018,11,November,West Bank,Jericho,PS0135,demonstrations,0,0
2018-11-01,2018,11,November,West Bank,Qalqilya,PS0120,demonstrations,7,0
2018-11-01,2018,11,November,West Bank,Salfit,PS0125,demonstrations,1,0
2018-11-01,2018,11,November,West Bank,Nablus,PS0115,demonstrations,1,0
2018-11-01,2018,11,November,West Bank,Ramallah and Al Bireh,PS0130,demonstrations,18,0
2018-11-01,2018,11,November,West Bank,Bethlehem,PS0145,demonstrations,4,0
2018-11-01,2018,11,November,West Bank,Al Quds,PS0140,demonstrations,3,0
2018-11-01,2018,11,November,West Bank,Hebron,PS0150,demonstrations,1,0
2018-11-01,2018,11,November,West Bank,Tulkarm,PS0110,demonstrations,1,0
2018-11-01,2018,11,November,West Bank,Tubas,PS0105,demonstrations,0,0
2018-12-01,2018,12,December,West Bank,Jenin,PS0101,demonstrations,0,0
2018-12-01,2018,12,December,West Bank,Jericho,PS0135,demonstrations,0,0
2018-12-01,2018,12,December,West Bank,Qalqilya,PS0120,demonstrations,7,0
2018-12-01,2018,12,December,West Bank,Salfit,PS0125,demonstrations,1,0
2018-12-01,2018,12,December,West Bank,Nablus,PS0115,demonstrations,5,0
2018-12-01,2018,12,December,West Bank,Ramallah and Al Bireh,PS0130,demonstrations,20,0
2018-12-01,2018,12,December,West Bank,Bethlehem,PS0145,demonstrations,3,0
2018-12-01,2018,12,December,West Bank,Al Quds,PS0140,demonstrations,5,0
2018-12-01,2018,12,December,West Bank,Hebron,PS0150,demonstrations,1,0
2018-12-01,2018,12,December,West Bank,Tulkarm,PS0110,demonstrations,3,0
2018-12-01,2018,12,December,West Bank,Tubas,PS0105,demonstrations,0,0
2019-01-01,2019,1,January,West Bank,Jenin,PS0101,demonstrations,1,0
2019-01-01,2019,1,January,West Bank,Jericho,PS0135,demonstrations,0,0
2019-01-01,2019,1,January,West Bank,Qalqilya,PS0120,demonstrations,4,0
2019-01-01,2019,1,January,West Bank,Salfit,PS0125,demonstrations,0,0
2019-01-01,2019,1,January,West Bank,Nablus,PS0115,demonstrations,1,0
2019-01-01,2019,1,January,West Bank,Ramallah and Al Bireh,PS0130,demonstrations,18,0
2019-01-01,2019,1,January,West Bank,Bethlehem,PS0145,demonstrations,4,0
2019-01-01,2019,1,January,West Bank,Al Quds,PS0140,demonstrations,3,0
2019-01-01,2019,1,January,West Bank,Hebron,PS0150,demonstrations,1,0
2019-01-01,2019,1,January,West Bank,Tulkarm,PS0110,demonstrations,0,0
2019-01-01,2019,1,January,West Bank,Tubas,PS0105,demonstrations,0,0
2019-02-01,2019,2,February,West Bank,Jenin,PS0101,demonstrations,0,0
2019-02-01,2019,2,February,West Bank,Jericho,PS0135,demonstrations,0,0
2019-02-01,2019,2,February,West Bank,Qalqilya,PS0120,demonstrations,4,0
2019-02-01,2019,2,February,West Bank,Salfit,PS0125,demonstrations,0,0
2019-02-01,2019,2,February,West Bank,Nablus,PS0115,demonstrations,2,0
2019-02-01,2019,2,February,West Bank,Ramallah and Al Bireh,PS0130,demonstrations,15,0
2019-02-01,2019,2,February,West Bank,Bethlehem,PS0145,demonstrations,1,0
2019-02-01,2019,2,February,West Bank,Al Quds,PS0140,demonstrations,2,0
2019-02-01,2019,2,February,West Bank,Hebron,PS0150,demonstrations,8,0
2019-02-01,2019,2,February,West Bank,Tulkarm,PS0110,demonstrations,0,0
2019-02-01,2019,2,February,West Bank,Tubas,PS0105,demonstrations,0,0
2019-03-01,2019,3,March,West Bank,Jenin,PS0101,demonstrations,2,0
2019-03-01,2019,3,March,West Bank,Jericho,PS0135,demonstrations,0,0
2019-03-01,2019,3,March,West Bank,Qalqilya,PS0120,demonstrations,6,0
2019-03-01,2019,3,March,West Bank,Salfit,PS0125,demonstrations,1,0
2019-03-01,2019,3,March,West Bank,Nablus,PS0115,demonstrations,5,0
2019-03-01,2019,3,March,West Bank,Ramallah and Al Bireh,PS0130,demonstrations,24,0
2019-03-01,2019,3,March,West Bank,Bethlehem,PS0145,demonstrations,2,0
2019-03-01,2019,3,March,West Bank,Al Quds,PS0140,demonstrations,3,0
2019-03-01,2019,3,March,West Bank,Hebron,PS0150,demonstrations,5,0
2019-03-01,2019,3,March,West Bank,Tulkarm,PS0110,demonstrations,2,0
2019-03-01,2019,3,March,West Bank,Tubas,PS0105,demonstrations,0,0
2019-04-01,2019,4,April,West Bank,Jenin,PS0101,demonstrations,1,0
2019-04-01,2019,4,April,West Bank,Jericho,PS0135,demonstrations,1,0
2019-04-01,2019,4,April,West Bank,Qalqilya,PS0120,demonstrations,5,0
2019-04-01,2019,4,April,West Bank,Salfit,PS0125,demonstrations,0,0
2019-04-01,2019,4,April,West Bank,Nablus,PS0115,demonstrations,1,0
2019-04-01,2019,4,April,West Bank,Ramallah and Al Bireh,PS0130,demonstrations,20,0
2019-04-01,2019,4,April,West Bank,Bethlehem,PS0145,demonstrations,2,0
2019-04-01,2019,4,April,West Bank,Al Quds,PS0140,demonstrations,1,0
2019-04-01,2019,4,April,West Bank,Hebron,PS0150,demonstrations,1,0
2019-04-01,2019,4,April,West Bank,Tulkarm,PS0110,demonstrations,1,0
2019-04-01,2019,4,April,West Bank,Tubas,PS0105,demonstrations,2,0
2019-05-01,2019,5,May,West Bank,Jenin,PS0101,demonstrations,0,0
2019-05-01,2019,5,May,West Bank,Jericho,PS0135,demonstrations,0,0
2019-05-01,2019,5,May,West Bank,Qalqilya,PS0120,demonstrations,8,0
2019-05-01,2019,5,May,West Bank,Salfit,PS0125,demonstrations,0,0
2019-05-01,2019,5,May,West Bank,Nablus,PS0115,demonstrations,0,0
2019-05-01,2019,5,May,West Bank,Ramallah and Al Bireh,PS0130,demonstrations,7,0
2019-05-01,2019,5,May,West Bank,Bethlehem,PS0145,demonstrations,1,0
2019-05-01,2019,5,May,West Bank,Al Quds,PS0140,demonstrations,2,0
2019-05-01,2019,5,May,West Bank,Hebron,PS0150,demonstrations,1,0
2019-05-01,2019,5,May,West Bank,Tulkarm,PS0110,demonstrations,0,0
2019-05-01,2019,5,May,West Bank,Tubas,PS0105,demonstrations,0,0
2019-06-01,2019,6,June,West Bank,Jenin,PS0101,demonstrations,1,0
2019-06-01,2019,6,June,West Bank,Jericho,PS0135,demonstrations,2,0
2019-06-01,2019,6,June,West Bank,Qalqilya,PS0120,demonstrations,8,0
2019-06-01,2019,6,June,West Bank,Salfit,PS0125,demonstrations,1,0
2019-06-01,2019,6,June,West Bank,Nablus,PS0115,demonstrations,6,0
2019-06-01,2019,6,June,West Bank,Ramallah and Al Bireh,PS0130,demonstrations,11,0
2019-06-01,2019,6,June,West Bank,Bethlehem,PS0145,demonstrations,3,0
2019-06-01,2019,6,June,West Bank,Al Quds,PS0140,demonstrations,6,0
2019-06-01,2019,6,June,West Bank,Hebron,PS0150,demonstrations,5,0
2019-06-01,2019,6,June,West Bank,Tulkarm,PS0110,demonstrations,1,0
2019-06-01,2019,6,June,West Bank,Tubas,PS0105,demonstrations,0,0
2019-07-01,2019,7,July,West Bank,Jenin,PS0101,demonstrations,0,0
2019-07-01,2019,7,July,West Bank,Jericho,PS0135,demonstrations,0,0
2019-07-01,2019,7,July,West Bank,Qalqilya,PS0120,demonstrations,5,0
2019-07-01,2019,7,July,West Bank,Salfit,PS0125,demonstrations,0,0
2019-07-01,2019,7,July,West Bank,Nablus,PS0115,demonstrations,0,0
2019-07-01,2019,7,July,West Bank,Ramallah and Al Bireh,PS0130,demonstrations,5,0
2019-07-01,2019,7,July,West Bank,Bethlehem,PS0145,demonstrations,2,0
2019-07-01,2019,7,July,West Bank,Al Quds,PS0140,demonstrations,6,0
2019-07-01,2019,7,July,West Bank,Hebron,PS0150,demonstrations,0,0
2019-07-01,2019,7,July,West Bank,Tulkarm,PS0110,demonstrations,0,0
2019-07-01,2019,7,July,West Bank,Tubas,PS0105,demonstrations,0,0
2019-08-01,2019,8,August,West Bank,Jenin,PS0101,demonstrations,0,0
2019-08-01,2019,8,August,West Bank,Jericho,PS0135,demonstrations,0,0
2019-08-01,2019,8,August,West Bank,Qalqilya,PS0120,demonstrations,5,0
2019-08-01,2019,8,August,West Bank,Salfit,PS0125,demonstrations,0,0
2019-08-01,2019,8,August,West Bank,Nablus,PS0115,demonstrations,4,0
2019-08-01,2019,8,August,West Bank,Ramallah and Al Bireh,PS0130,demonstrations,5,0
2019-08-01,2019,8,August,West Bank,Bethlehem,PS0145,demonstrations,0,0
2019-08-01,2019,8,August,West Bank,Al Quds,PS0140,demonstrations,6,0
2019-08-01,2019,8,August,West Bank,Hebron,PS0150,demonstrations,3,0
2019-08-01,2019,8,August,West Bank,Tulkarm,PS0110,demonstrations,0,0
2019-08-01,2019,8,August,West Bank,Tubas,PS0105,demonstrations,0,0
2019-09-01,2019,9,September,West Bank,Jenin,PS0101,demonstrations,2,0
2019-09-01,2019,9,September,West Bank,Jericho,PS0135,demonstrations,1,0
2019-09-01,2019,9,September,West Bank,Qalqilya,PS0120,demonstrations,6,0
2019-09-01,2019,9,September,West Bank,Salfit,PS0125,demonstrations,0,0
2019-09-01,2019,9,September,West Bank,Nablus,PS0115,demonstrations,1,0
2019-09-01,2019,9,September,West Bank,Ramallah and Al Bireh,PS0130,demonstrations,13,0
2019-09-01,2019,9,September,West Bank,Bethlehem,PS0145,demonstrations,1,0
2019-09-01,2019,9,September,West Bank,Al Quds,PS0140,demonstrations,3,0
2019-09-01,2019,9,September,West Bank,Hebron,PS0150,demonstrations,1,0
2019-09-01,2019,9,September,West Bank,Tulkarm,PS0110,demonstrations,1,0
2019-09-01,2019,9,September,West Bank,Tubas,PS0105,demonstrations,0,0
2019-10-01,2019,10,October,West Bank,Jenin,PS0101,demonstrations,1,0
2019-10-01,2019,10,October,West Bank,Jericho,PS0135,demonstrations,0,0
2019-10-01,2019,10,October,West Bank,Qalqilya,PS0120,demonstrations,6,0
2019-10-01,2019,10,October,West Bank,Salfit,PS0125,demonstrations,0,0
2019-10-01,2019,10,October,West Bank,Nablus,PS0115,demonstrations,2,0
2019-10-01,2019,10,October,West Bank,Ramallah and Al Bireh,PS0130,demonstrations,9,0
2019-10-01,2019,10,October,West Bank,Bethlehem,PS0145,demonstrations,0,0
2019-10-01,2019,10,October,West Bank,Al Quds,PS0140,demonstrations,6,0
2019-10-01,2019,10,October,West Bank,Hebron,PS0150,demonstrations,0,0
2019-10-01,2019,10,October,West Bank,Tulkarm,PS0110,demonstrations,1,0
2019-10-01,2019,10,October,West Bank,Tubas,PS0105,demonstrations,1,0
2019-11-01,2019,11,November,West Bank,Jenin,PS0101,demonstrations,4,0
2019-11-01,2019,11,November,West Bank,Jericho,PS0135,demonstrations,2,0
2019-11-01,2019,11,November,West Bank,Qalqilya,PS0120,demonstrations,10,0
2019-11-01,2019,11,November,West Bank,Salfit,PS0125,demonstrations,1,0
2019-11-01,2019,11,November,West Bank,Nablus,PS0115,demonstrations,5,0
2019-11-01,2019,11,November,West Bank,Ramallah and Al Bireh,PS0130,demonstrations,12,0
2019-11-01,2019,11,November,West Bank,Bethlehem,PS0145,demonstrations,6,0
2019-11-01,2019,11,November,West Bank,Al Quds,PS0140,demonstrations,6,0
2019-11-01,2019,11,November,West Bank,Hebron,PS0150,demonstrations,8,0
2019-11-01,2019,11,November,West Bank,Tulkarm,PS0110,demonstrations,6,0
2019-11-01,2019,11,November,West Bank,Tubas,PS0105,demonstrations,0,0
2019-12-01,2019,12,December,West Bank,Jenin,PS0101,demonstrations,0,0
2019-12-01,2019,12,December,West Bank,Jericho,PS0135,demonstrations,0,0
2019-12-01,2019,12,December,West Bank,Qalqilya,PS0120,demonstrations,4,0
2019-12-01,2019,12,December,West Bank,Salfit,PS0125,demonstrations,0,0
2019-12-01,2019,12,December,West Bank,Nablus,PS0115,demonstrations,0,0
2019-12-01,2019,12,December,West Bank,Ramallah and Al Bireh,PS0130,demonstrations,1,0
2019-12-01,2019,12,December,West Bank,Bethlehem,PS0145,demonstrations,0,0
2019-12-01,2019,12,December,West Bank,Al Quds,PS0140,demonstrations,1,0
2019-12-01,2019,12,December,West Bank,Hebron,PS0150,demonstrations,1,0
2019-12-01,2019,12,December,West Bank,Tulkarm,PS0110,demonstrations,1,0
2019-12-01,2019,12,December,West Bank,Tubas,PS0105,demonstrations,0,0
2020-01-01,2020,1,January,West Bank,Jenin,PS0101,demonstrations,2,0
2020-01-01,2020,1,January,West Bank,Jericho,PS0135,demonstrations,3,0
2020-01-01,2020,1,January,West Bank,Qalqilya,PS0120,demonstrations,20,0
2020-01-01,2020,1,January,West Bank,Salfit,PS0125,demonstrations,0,0
2020-01-01,2020,1,January,West Bank,Nablus,PS0115,demonstrations,7,0
2020-01-01,2020,1,January,West Bank,Ramallah and Al Bireh,PS0130,demonstrations,34,0
2020-01-01,2020,1,January,West Bank,Bethlehem,PS0145,demonstrations,8,0
2020-01-01,2020,1,January,West Bank,Al Quds,PS0140,demonstrations,21,0
2020-01-01,2020,1,January,West Bank,Hebron,PS0150,demonstrations,15,0
2020-01-01,2020,1,January,West Bank,Tulkarm,PS0110,demonstrations,8,0
2020-01-01,2020,1,January,West Bank,Tubas,PS0105,demonstrations,2,0
2020-02-01,2020,2,February,West Bank,Jenin,PS0101,demonstrations,3,0
2020-02-01,2020,2,February,West Bank,Jericho,PS0135,demonstrations,5,0
2020-02-01,2020,2,February,West Bank,Qalqilya,PS0120,demonstrations,40,0
2020-02-01,2020,2,February,West Bank,Salfit,PS0125,demonstrations,1,0
2020-02-01,2020,2,February,West Bank,Nablus,PS0115,demonstrations,9,0
2020-02-01,2020,2,February,West Bank,Ramallah and Al Bireh,PS0130,demonstrations,41,0
2020-02-01,2020,2,February,West Bank,Bethlehem,PS0145,demonstrations,7,0
2020-02-01,2020,2,February,West Bank,Al Quds,PS0140,demonstrations,12,0
2020-02-01,2020,2,February,West Bank,Hebron,PS0150,demonstrations,37,0
2020-02-01,2020,2,February,West Bank,Tulkarm,PS0110,demonstrations,10,0
2020-02-01,2020,2,February,West Bank,Tubas,PS0105,demonstrations,3,0
2020-03-01,2020,3,March,West Bank,Jenin,PS0101,demonstrations,0,0
2020-03-01,2020,3,March,West Bank,Jericho,PS0135,demonstrations,1,0
2020-03-01,2020,3,March,West Bank,Qalqilya,PS0120,demonstrations,14,0
2020-03-01,2020,3,March,West Bank,Salfit,PS0125,demonstrations,0,0
2020-03-01,2020,3,March,West Bank,Nablus,PS0115,demonstrations,7,0
2020-03-01,2020,3,March,West Bank,Ramallah and Al Bireh,PS0130,demonstrations,3,0
2020-03-01,2020,3,March,West Bank,Bethlehem,PS0145,demonstrations,0,0
2020-03-01,2020,3,March,West Bank,Al Quds,PS0140,demonstrations,1,0
2020-03-01,2020,3,March,West Bank,Hebron,PS0150,demonstrations,1,0
2020-03-01,2020,3,March,West Bank,Tulkarm,PS0110,demonstrations,1,0
2020-03-01,2020,3,March,West Bank,Tubas,PS0105,demonstrations,0,0
2020-04-01,2020,4,April,West Bank,Jenin,PS0101,demonstrations,0,0
2020-04-01,2020,4,April,West Bank,Jericho,PS0135,demonstrations,0,0
2020-04-01,2020,4,April,West Bank,Qalqilya,PS0120,demonstrations,9,0
2020-04-01,2020,4,April,West Bank,Salfit,PS0125,demonstrations,0,0
2020-04-01,2020,4,April,West Bank,Nablus,PS0115,demonstrations,1,0
2020-04-01,2020,4,April,West Bank,Ramallah and Al Bireh,PS0130,demonstrations,1,0
2020-04-01,2020,4,April,West Bank,Bethlehem,PS0145,demonstrations,0,0
2020-04-01,2020,4,April,West Bank,Al Quds,PS0140,demonstrations,2,0
2020-04-01,2020,4,April,West Bank,Hebron,PS0150,demonstrations,0,0
2020-04-01,2020,4,April,West Bank,Tulkarm,PS0110,demonstrations,0,0
2020-04-01,2020,4,April,West Bank,Tubas,PS0105,demonstrations,0,0
2020-05-01,2020,5,May,West Bank,Jenin,PS0101,demonstrations,4,0
2020-05-01,2020,5,May,West Bank,Jericho,PS0135,demonstrations,2,0
2020-05-01,2020,5,May,West Bank,Qalqilya,PS0120,demonstrations,10,0
2020-05-01,2020,5,May,West Bank,Salfit,PS0125,demonstrations,2,0
2020-05-01,2020,5,May,West Bank,Nablus,PS0115,demonstrations,11,0
2020-05-01,2020,5,May,West Bank,Ramallah and Al Bireh,PS0130,demonstrations,3,0
2020-05-01,2020,5,May,West Bank,Bethlehem,PS0145,demonstrations,5,0
2020-05-01,2020,5,May,West Bank,Al Quds,PS0140,demonstrations,3,0
2020-05-01,2020,5,May,West Bank,Hebron,PS0150,demonstrations,3,0
2020-05-01,2020,5,May,West Bank,Tulkarm,PS0110,demonstrations,4,0
2020-05-01,2020,5,May,West Bank,Tubas,PS0105,demonstrations,1,0
2020-06-01,2020,6,June,West Bank,Jenin,PS0101,demonstrations,2,0
2020-06-01,2020,6,June,West Bank,Jericho,PS0135,demonstrations,9,0
2020-06-01,2020,6,June,West Bank,Qalqilya,PS0120,demonstrations,8,0
2020-06-01,2020,6,June,West Bank,Salfit,PS0125,demonstrations,6,0
2020-06-01,2020,6,June,West Bank,Nablus,PS0115,demonstrations,5,0
2020-06-01,2020,6,June,West Bank,Ramallah and Al Bireh,PS0130,demonstrations,13,0
2020-06-01,2020,6,June,West Bank,Bethlehem,PS0145,demonstrations,2,0
2020-06-01,2020,6,June,West Bank,Al Quds,PS0140,demonstrations,8,0
2020-06-01,2020,6,June,West Bank,Hebron,PS0150,demonstrations,9,0
2020-06-01,2020,6,June,West Bank,Tulkarm,PS0110,demonstrations,4,0
2020-06-01,2020,6,June,West Bank,Tubas,PS0105,demonstrations,2,0
2020-07-01,2020,7,July,West Bank,Jenin,PS0101,demonstrations,6,0
2020-07-01,2020,7,July,West Bank,Jericho,PS0135,demonstrations,1,0
2020-07-01,2020,7,July,West Bank,Qalqilya,PS0120,demonstrations,7,0
2020-07-01,2020,7,July,West Bank,Salfit,PS0125,demonstrations,6,0
2020-07-01,2020,7,July,West Bank,Nablus,PS0115,demonstrations,7,0
2020-07-01,2020,7,July,West Bank,Ramallah and Al Bireh,PS0130,demonstrations,8,0
2020-07-01,2020,7,July,West Bank,Bethlehem,PS0145,demonstrations,2,0
2020-07-01,2020,7,July,West Bank,Al Quds,PS0140,demonstrations,3,0
2020-07-01,2020,7,July,West Bank,Hebron,PS0150,demonstrations,8,0
2020-07-01,2020,7,July,West Bank,Tulkarm,PS0110,demonstrations,3,0
2020-07-01,2020,7,July,West Bank,Tubas,PS0105,demonstrations,0,0
2020-08-01,2020,8,August,West Bank,Jenin,PS0101,demonstrations,4,0
2020-08-01,2020,8,August,West Bank,Jericho,PS0135,demonstrations,4,0
2020-08-01,2020,8,August,West Bank,Qalqilya,PS0120,demonstrations,7,0
2020-08-01,2020,8,August,West Bank,Salfit,PS0125,demonstrations,8,0
2020-08-01,2020,8,August,West Bank,Nablus,PS0115,demonstrations,4,0
2020-08-01,2020,8,August,West Bank,Ramallah and Al Bireh,PS0130,demonstrations,6,0
2020-08-01,2020,8,August,West Bank,Bethlehem,PS0145,demonstrations,4,0
2020-08-01,2020,8,August,West Bank,Al Quds,PS0140,demonstrations,5,0
2020-08-01,2020,8,August,West Bank,Hebron,PS0150,demonstrations,5,0
2020-08-01,2020,8,August,West Bank,Tulkarm,PS0110,demonstrations,7,0
2020-08-01,2020,8,August,West Bank,Tubas,PS0105,demonstrations,1,0
2020-09-01,2020,9,September,West Bank,Jenin,PS0101,demonstrations,4,0
2020-09-01,2020,9,September,West Bank,Jericho,PS0135,demonstrations,2,0
2020-09-01,2020,9,September,West Bank,Qalqilya,PS0120,demonstrations,8,0
2020-09-01,2020,9,September,West Bank,Salfit,PS0125,demonstrations,4,0
2020-09-01,2020,9,September,West Bank,Nablus,PS0115,demonstrations,8,0
2020-09-01,2020,9,September,West Bank,Ramallah and Al Bireh,PS0130,demonstrations,11,0
2020-09-01,2020,9,September,West Bank,Bethlehem,PS0145,demonstrations,5,0
2020-09-01,2020,9,September,West Bank,Al Quds,PS0140,demonstrations,2,0
2020-09-01,2020,9,September,West Bank,Hebron,PS0150,demonstrations,2,0
2020-09-01,2020,9,September,West Bank,Tulkarm,PS0110,demonstrations,9,0
2020-09-01,2020,9,September,West Bank,Tubas,PS0105,demonstrations,2,0
2020-10-01,2020,10,October,West Bank,Jenin,PS0101,demonstrations,6,0
2020-10-01,2020,10,October,West Bank,Jericho,PS0135,demonstrations,1,0
2020-10-01,2020,10,October,West Bank,Qalqilya,PS0120,demonstrations,16,0
2020-10-01,2020,10,October,West Bank,Salfit,PS0125,demonstrations,1,0
2020-10-01,2020,10,October,West Bank,Nablus,PS0115,demonstrations,9,0
2020-10-01,2020,10,October,West Bank,Ramallah and Al Bireh,PS0130,demonstrations,17,0
2020-10-01,2020,10,October,West Bank,Bethlehem,PS0145,demonstrations,5,0
2020-10-01,2020,10,October,West Bank,Al Quds,PS0140,demonstrations,14,0
2020-10-01,2020,10,October,West Bank,Hebron,PS0150,demonstrations,10,0
2020-10-01,2020,10,October,West Bank,Tulkarm,PS0110,demonstrations,6,0
2020-10-01,2020,10,October,West Bank,Tubas,PS0105,demonstrations,2,0
2020-11-01,2020,11,November,West Bank,Jenin,PS0101,demonstrations,6,0
2020-11-01,2020,11,November,West Bank,Jericho,PS0135,demonstrations,2,0
2020-11-01,2020,11,November,West Bank,Qalqilya,PS0120,demonstrations,5,0
2020-11-01,2020,11,November,West Bank,Salfit,PS0125,demonstrations,1,0
2020-11-01,2020,11,November,West Bank,Nablus,PS0115,demonstrations,11,0
2020-11-01,2020,11,November,West Bank,Ramallah and Al Bireh,PS0130,demonstrations,12,0
2020-11-01,2020,11,November,West Bank,Bethlehem,PS0145,demonstrations,4,0
2020-11-01,2020,11,November,West Bank,Al Quds,PS0140,demonstrations,4,0
2020-11-01,2020,11,November,West Bank,Hebron,PS0150,demonstrations,5,0
2020-11-01,2020,11,November,West Bank,Tulkarm,PS0110,demonstrations,6,0
2020-11-01,2020,11,November,West Bank,Tubas,PS0105,demonstrations,3,0
2020-12-01,2020,12,December,West Bank,Jenin,PS0101,demonstrations,3,0
2020-12-01,2020,12,December,West Bank,Jericho,PS0135,demonstrations,2,0
2020-12-01,2020,12,December,West Bank,Qalqilya,PS0120,demonstrations,8,0
2020-12-01,2020,12,December,West Bank,Salfit,PS0125,demonstrations,6,0
2020-12-01,2020,12,December,West Bank,Nablus,PS0115,demonstrations,3,0
2020-12-01,2020,12,December,West Bank,Ramallah and Al Bireh,PS0130,demonstrations,11,0
2020-12-01,2020,12,December,West Bank,Bethlehem,PS0145,demonstrations,4,0
2020-12-01,2020,12,December,West Bank,Al Quds,PS0140,demonstrations,4,0
2020-12-01,2020,12,December,West Bank,Hebron,PS0150,demonstrations,7,0
2020-12-01,2020,12,December,West Bank,Tulkarm,PS0110,demonstrations,3,0
2020-12-01,2020,12,December,West Bank,Tubas,PS0105,demonstrations,0,0
2021-01-01,2021,1,January,West Bank,Jenin,PS0101,demonstrations,1,0
2021-01-01,2021,1,January,West Bank,Jericho,PS0135,demonstrations,2,0
2021-01-01,2021,1,January,West Bank,Qalqilya,PS0120,demonstrations,14,0
2021-01-01,2021,1,January,West Bank,Salfit,PS0125,demonstrations,2,0
2021-01-01,2021,1,January,West Bank,Nablus,PS0115,demonstrations,4,0
2021-01-01,2021,1,January,West Bank,Ramallah and Al Bireh,PS0130,demonstrations,17,0
2021-01-01,2021,1,January,West Bank,Bethlehem,PS0145,demonstrations,8,0
2021-01-01,2021,1,January,West Bank,Al Quds,PS0140,demonstrations,8,0
2021-01-01,2021,1,January,West Bank,Hebron,PS0150,demonstrations,14,0
2021-01-01,2021,1,January,West Bank,Tulkarm,PS0110,demonstrations,1,0
2021-01-01,2021,1,January,West Bank,Tubas,PS0105,demonstrations,0,0
2021-02-01,2021,2,February,West Bank,Jenin,PS0101,demonstrations,2,0
2021-02-01,2021,2,February,West Bank,Jericho,PS0135,demonstrations,1,0
2021-02-01,2021,2,February,West Bank,Qalqilya,PS0120,demonstrations,9,0
2021-02-01,2021,2,February,West Bank,Salfit,PS0125,demonstrations,3,0
2021-02-01,2021,2,February,West Bank,Nablus,PS0115,demonstrations,12,0
2021-02-01,2021,2,February,West Bank,Ramallah and Al Bireh,PS0130,demonstrations,15,0
2021-02-01,2021,2,February,West Bank,Bethlehem,PS0145,demonstrations,3,0
2021-02-01,2021,2,February,West Bank,Al Quds,PS0140,demonstrations,6,0
2021-02-01,2021,2,February,West Bank,Hebron,PS0150,demonstrations,6,0
2021-02-01,2021,2,February,West Bank,Tulkarm,PS0110,demonstrations,5,0
2021-02-01,2021,2,February,West Bank,Tubas,PS0105,demonstrations,1,0
2021-03-01,2021,3,March,West Bank,Jenin,PS0101,demonstrations,3,0
2021-03-01,2021,3,March,West Bank,Jericho,PS0135,demonstrations,2,0
2021-03-01,2021,3,March,West Bank,Qalqilya,PS0120,demonstrations,7,0
2021-03-01,2021,3,March,West Bank,Salfit,PS0125,demonstrations,1,0
2021-03-01,2021,3,March,West Bank,Nablus,PS0115,demonstrations,9,0
2021-03-01,2021,3,March,West Bank,Ramallah and Al Bireh,PS0130,demonstrations,8,0
2021-03-01,2021,3,March,West Bank,Bethlehem,PS0145,demonstrations,4,0
2021-03-01,2021,3,March,West Bank,Al Quds,PS0140,demonstrations,6,0
2021-03-01,2021,3,March,West Bank,Hebron,PS0150,demonstrations,5,0
2021-03-01,2021,3,March,West Bank,Tulkarm,PS0110,demonstrations,2,0
2021-03-01,2021,3,March,West Bank,Tubas,PS0105,demonstrations,3,0
2021-04-01,2021,4,April,West Bank,Jenin,PS0101,demonstrations,6,0
2021-04-01,2021,4,April,West Bank,Jericho,PS0135,demonstrations,4,0
2021-04-01,2021,4,April,West Bank,Qalqilya,PS0120,demonstrations,13,0
2021-04-01,2021,4,April,West Bank,Salfit,PS0125,demonstrations,0,0
2021-04-01,2021,4,April,West Bank,Nablus,PS0115,demonstrations,14,0
2021-04-01,2021,4,April,West Bank,Ramallah and Al Bireh,PS0130,demonstrations,15,0
2021-04-01,2021,4,April,West Bank,Bethlehem,PS0145,demonstrations,11,0
2021-04-01,2021,4,April,West Bank,Al Quds,PS0140,demonstrations,29,0
2021-04-01,2021,4,April,West Bank,Hebron,PS0150,demonstrations,10,0
2021-04-01,2021,4,April,West Bank,Tulkarm,PS0110,demonstrations,9,0
2021-04-01,2021,4,April,West Bank,Tubas,PS0105,demonstrations,5,0
2021-05-01,2021,5,May,West Bank,Jenin,PS0101,demonstrations,31,0
2021-05-01,2021,5,May,West Bank,Jericho,PS0135,demonstrations,8,0
2021-05-01,2021,5,May,West Bank,Qalqilya,PS0120,demonstrations,34,0
2021-05-01,2021,5,May,West Bank,Salfit,PS0125,demonstrations,16,0
2021-05-01,2021,5,May,West Bank,Nablus,PS0115,demonstrations,41,0
2021-05-01,2021,5,May,West Bank,Ramallah and Al Bireh,PS0130,demonstrations,62,0
2021-05-01,2021,5,May,West Bank,Bethlehem,PS0145,demonstrations,36,0
2021-05-01,2021,5,May,West Bank,Al Quds,PS0140,demonstrations,69,0
2021-05-01,2021,5,May,West Bank,Hebron,PS0150,demonstrations,55,0
2021-05-01,2021,5,May,West Bank,Tulkarm,PS0110,demonstrations,26,0
2021-05-01,2021,5,May,West Bank,Tubas,PS0105,demonstrations,17,0
2021-06-01,2021,6,June,West Bank,Jenin,PS0101,demonstrations,6,0
2021-06-01,2021,6,June,West Bank,Jericho,PS0135,demonstrations,1,0
2021-06-01,2021,6,June,West Bank,Qalqilya,PS0120,demonstrations,13,0
2021-06-01,2021,6,June,West Bank,Salfit,PS0125,demonstrations,3,0
2021-06-01,2021,6,June,West Bank,Nablus,PS0115,demonstrations,36,0
2021-06-01,2021,6,June,West Bank,Ramallah and Al Bireh,PS0130,demonstrations,23,0
2021-06-01,2021,6,June,West Bank,Bethlehem,PS0145,demonstrations,9,0
2021-06-01,2021,6,June,West Bank,Al Quds,PS0140,demonstrations,32,0
2021-06-01,2021,6,June,West Bank,Hebron,PS0150,demonstrations,17,0
2021-06-01,2021,6,June,West Bank,Tulkarm,PS0110,demonstrations,7,0
2021-06-01,2021,6,June,West Bank,Tubas,PS0105,demonstrations,2,0
2021-07-01,2021,7,July,West Bank,Jenin,PS0101,demonstrations,7,0
2021-07-01,2021,7,July,West Bank,Jericho,PS0135,demonstrations,1,0
2021-07-01,2021,7,July,West Bank,Qalqilya,PS0120,demonstrations,8,0
2021-07-01,2021,7,July,West Bank,Salfit,PS0125,demonstrations,5,0
2021-07-01,2021,7,July,West Bank,Nablus,PS0115,demonstrations,32,0
2021-07-01,2021,7,July,West Bank,Ramallah and Al Bireh,PS0130,demonstrations,14,0
2021-07-01,2021,7,July,West Bank,Bethlehem,PS0145,demonstrations,5,0
2021-07-01,2021,7,July,West Bank,Al Quds,PS0140,demonstrations,16,0
2021-07-01,2021,7,July,West Bank,Hebron,PS0150,demonstrations,18,0
2021-07-01,2021,7,July,West Bank,Tulkarm,PS0110,demonstrations,3,0
2021-07-01,2021,7,July,West Bank,Tubas,PS0105,demonstrations,6,0
2021-08-01,2021,8,August,West Bank,Jenin,PS0101,demonstrations,7,0
2021-08-01,2021,8,August,West Bank,Jericho,PS0135,demonstrations,0,0
2021-08-01,2021,8,August,West Bank,Qalqilya,PS0120,demonstrations,8,0
2021-08-01,2021,8,August,West Bank,Salfit,PS0125,demonstrations,1,0
2021-08-01,2021,8,August,West Bank,Nablus,PS0115,demonstrations,28,0
2021-08-01,2021,8,August,West Bank,Ramallah and Al Bireh,PS0130,demonstrations,20,0
2021-08-01,2021,8,August,West Bank,Bethlehem,PS0145,demonstrations,1,0
2021-08-01,2021,8,August,West Bank,Al Quds,PS0140,demonstrations,8,0
2021-08-01,2021,8,August,West Bank,Hebron,PS0150,demonstrations,14,0
2021-08-01,2021,8,August,West Bank,Tulkarm,PS0110,demonstrations,9,0
2021-08-01,2021,8,August,West Bank,Tubas,PS0105,demonstrations,0,0
2021-09-01,2021,9,September,West Bank,Jenin,PS0101,demonstrations,20,0
2021-09-01,2021,9,September,West Bank,Jericho,PS0135,demonstrations,2,0
2021-09-01,2021,9,September,West Bank,Qalqilya,PS0120,demonstrations,9,0
2021-09-01,2021,9,September,West Bank,Salfit,PS0125,demonstrations,1,0
2021-09-01,2021,9,September,West Bank,Nablus,PS0115,demonstrations,22,0
2021-09-01,2021,9,September,West Bank,Ramallah and Al Bireh,PS0130,demonstrations,21,0
2021-09-01,2021,9,September,West Bank,Bethlehem,PS0145,demonstrations,11,0
2021-09-01,2021,9,September,West Bank,Al Quds,PS0140,demonstrations,16,0
2021-09-01,2021,9,September,West Bank,Hebron,PS0150,demonstrations,25,0
2021-09-01,2021,9,September,West Bank,Tulkarm,PS0110,demonstrations,9,0
2021-09-01,2021,9,September,West Bank,Tubas,PS0105,demonstrations,6,0
2021-10-01,2021,10,October,West Bank,Jenin,PS0101,demonstrations,13,0
2021-10-01,2021,10,October,West Bank,Jericho,PS0135,demonstrations,0,0
2021-10-01,2021,10,October,West Bank,Qalqilya,PS0120,demonstrations,6,0
2021-10-01,2021,10,October,West Bank,Salfit,PS0125,demonstrations,0,0
2021-10-01,2021,10,October,West Bank,Nablus,PS0115,demonstrations,9,0
2021-10-01,2021,10,October,West Bank,Ramallah and Al Bireh,PS0130,demonstrations,10,0
2021-10-01,2021,10,October,West Bank,Bethlehem,PS0145,demonstrations,7,0
2021-10-01,2021,10,October,West Bank,Al Quds,PS0140,demonstrations,20,0
2021-10-01,2021,10,October,West Bank,Hebron,PS0150,demonstrations,18,0
2021-10-01,2021,10,October,West Bank,Tulkarm,PS0110,demonstrations,6,0
2021-10-01,2021,10,October,West Bank,Tubas,PS0105,demonstrations,3,0
2021-11-01,2021,11,November,West Bank,Jenin,PS0101,demonstrations,18,0
2021-11-01,2021,11,November,West Bank,Jericho,PS0135,demonstrations,0,0
2021-11-01,2021,11,November,West Bank,Qalqilya,PS0120,demonstrations,10,0
2021-11-01,2021,11,November,West Bank,Salfit,PS0125,demonstrations,2,0
2021-11-01,2021,11,November,West Bank,Nablus,PS0115,demonstrations,25,0
2021-11-01,2021,11,November,West Bank,Ramallah and Al Bireh,PS0130,demonstrations,27,0
2021-11-01,2021,11,November,West Bank,Bethlehem,PS0145,demonstrations,4,0
2021-11-01,2021,11,November,West Bank,Al Quds,PS0140,demonstrations,15,0
2021-11-01,2021,11,November,West Bank,Hebron,PS0150,demonstrations,23,0
2021-11-01,2021,11,November,West Bank,Tulkarm,PS0110,demonstrations,5,0
2021-11-01,2021,11,November,West Bank,Tubas,PS0105,demonstrations,1,0
2021-12-01,2021,12,December,West Bank,Jenin,PS0101,demonstrations,25,0
2021-12-01,2021,12,December,West Bank,Jericho,PS0135,demonstrations,1,0
2021-12-01,2021,12,December,West Bank,Qalqilya,PS0120,demonstrations,12,0
2021-12-01,2021,12,December,West Bank,Salfit,PS0125,demonstrations,0,0
2021-12-01,2021,12,December,West Bank,Nablus,PS0115,demonstrations,22,0
2021-12-01,2021,12,December,West Bank,Ramallah and Al Bireh,PS0130,demonstrations,15,0
2021-12-01,2021,12,December,West Bank,Bethlehem,PS0145,demonstrations,3,0
2021-12-01,2021,12,December,West Bank,Al Quds,PS0140,demonstrations,7,0
2021-12-01,2021,12,December,West Bank,Hebron,PS0150,demonstrations,11,0
2021-12-01,2021,12,December,West Bank,Tulkarm,PS0110,demonstrations,3,0
2021-12-01,2021,12,December,West Bank,Tubas,PS0105,demonstrations,1,0
2022-01-01,2022,1,January,West Bank,Jenin,PS0101,demonstrations,26,0
2022-01-01,2022,1,January,West Bank,Jericho,PS0135,demonstrations,2,0
2022-01-01,2022,1,January,West Bank,Qalqilya,PS0120,demonstrations,11,0
2022-01-01,2022,1,January,West Bank,Salfit,PS0125,demonstrations,4,0
2022-01-01,2022,1,January,West Bank,Nablus,PS0115,demonstrations,25,0
2022-01-01,2022,1,January,West Bank,Ramallah and Al Bireh,PS0130,demonstrations,29,0
2022-01-01,2022,1,January,West Bank,Bethlehem,PS0145,demonstrations,9,0
2022-01-01,2022,1,January,West Bank,Al Quds,PS0140,demonstrations,15,0
2022-01-01,2022,1,January,West Bank,Hebron,PS0150,demonstrations,15,0
2022-01-01,2022,1,January,West Bank,Tulkarm,PS0110,demonstrations,5,0
2022-01-01,2022,1,January,West Bank,Tubas,PS0105,demonstrations,1,0
2022-02-01,2022,2,February,West Bank,Jenin,PS0101,demonstrations,21,0
2022-02-01,2022,2,February,West Bank,Jericho,PS0135,demonstrations,2,0
2022-02-01,2022,2,February,West Bank,Qalqilya,PS0120,demonstrations,10,0
2022-02-01,2022,2,February,West Bank,Salfit,PS0125,demonstrations,2,0
2022-02-01,2022,2,February,West Bank,Nablus,PS0115,demonstrations,25,0
2022-02-01,2022,2,February,West Bank,Ramallah and Al Bireh,PS0130,demonstrations,12,0
2022-02-01,2022,2,February,West Bank,Bethlehem,PS0145,demonstrations,9,0
2022-02-01,2022,2,February,West Bank,Al Quds,PS0140,demonstrations,26,0
2022-02-01,2022,2,February,West Bank,Hebron,PS0150,demonstrations,9,0
2022-02-01,2022,2,February,West Bank,Tulkarm,PS0110,demonstrations,4,0
2022-02-01,2022,2,February,West Bank,Tubas,PS0105,demonstrations,2,0
2022-03-01,2022,3,March,West Bank,Jenin,PS0101,demonstrations,25,0
2022-03-01,2022,3,March,West Bank,Jericho,PS0135,demonstrations,2,0
2022-03-01,2022,3,March,West Bank,Qalqilya,PS0120,demonstrations,8,0
2022-03-01,2022,3,March,West Bank,Salfit,PS0125,demonstrations,2,0
2022-03-01,2022,3,March,West Bank,Nablus,PS0115,demonstrations,14,0
2022-03-01,2022,3,March,West Bank,Ramallah and Al Bireh,PS0130,demonstrations,6,0
2022-03-01,2022,3,March,West Bank,Bethlehem,PS0145,demonstrations,3,0
2022-03-01,2022,3,March,West Bank,Al Quds,PS0140,demonstrations,13,0
2022-03-01,2022,3,March,West Bank,Hebron,PS0150,demonstrations,12,0
2022-03-01,2022,3,March,West Bank,Tulkarm,PS0110,demonstrations,4,0
2022-03-01,2022,3,March,West Bank,Tubas,PS0105,demonstrations,1,0
2022-04-01,2022,4,April,West Bank,Jenin,PS0101,demonstrations,16,0
2022-04-01,2022,4,April,West Bank,Jericho,PS0135,demonstrations,4,0
2022-04-01,2022,4,April,West Bank,Qalqilya,PS0120,demonstrations,10,0
2022-04-01,2022,4,April,West Bank,Salfit,PS0125,demonstrations,2,0
2022-04-01,2022,4,April,West Bank,Nablus,PS0115,demonstrations,17,0
2022-04-01,2022,4,April,West Bank,Ramallah and Al Bireh,PS0130,demonstrations,19,0
2022-04-01,2022,4,April,West Bank,Bethlehem,PS0145,demonstrations,6,0
2022-04-01,2022,4,April,West Bank,Al Quds,PS0140,demonstrations,15,0
2022-04-01,2022,4,April,West Bank,Hebron,PS0150,demonstrations,15,0
2022-04-01,2022,4,April,West Bank,Tulkarm,PS0110,demonstrations,3,0
2022-04-01,2022,4,April,West Bank,Tubas,PS0105,demonstrations,3,0
2022-05-01,2022,5,May,West Bank,Jenin,PS0101,demonstrations,16,0
2022-05-01,2022,5,May,West Bank,Jericho,PS0135,demonstrations,2,0
2022-05-01,2022,5,May,West Bank,Qalqilya,PS0120,demonstrations,9,0
2022-05-01,2022,5,May,West Bank,Salfit,PS0125,demonstrations,3,0
2022-05-01,2022,5,May,West Bank,Nablus,PS0115,demonstrations,19,0
2022-05-01,2022,5,May,West Bank,Ramallah and Al Bireh,PS0130,demonstrations,10,0
2022-05-01,2022,5,May,West Bank,Bethlehem,PS0145,demonstrations,5,0
2022-05-01,2022,5,May,West Bank,Al Quds,PS0140,demonstrations,7,0
2022-05-01,2022,5,May,West Bank,Hebron,PS0150,demonstrations,18,0
2022-05-01,2022,5,May,West Bank,Tulkarm,PS0110,demonstrations,8,0
2022-05-01,2022,5,May,West Bank,Tubas,PS0105,demonstrations,4,0
2022-06-01,2022,6,June,West Bank,Jenin,PS0101,demonstrations,13,0
2022-06-01,2022,6,June,West Bank,Jericho,PS0135,demonstrations,1,0
2022-06-01,2022,6,June,West Bank,Qalqilya,PS0120,demonstrations,9,0
2022-06-01,2022,6,June,West Bank,Salfit,PS0125,demonstrations,1,0
2022-06-01,2022,6,June,West Bank,Nablus,PS0115,demonstrations,18,0
2022-06-01,2022,6,June,West Bank,Ramallah and Al Bireh,PS0130,demonstrations,8,0
2022-06-01,2022,6,June,West Bank,Bethlehem,PS0145,demonstrations,6,0
2022-06-01,2022,6,June,West Bank,Al Quds,PS0140,demonstrations,8,0
2022-06-01,2022,6,June,West Bank,Hebron,PS0150,demonstrations,14,0
2022-06-01,2022,6,June,West Bank,Tulkarm,PS0110,demonstrations,5,0
2022-06-01,2022,6,June,West Bank,Tubas,PS0105,demonstrations,1,0
2022-07-01,2022,7,July,West Bank,Jenin,PS0101,demonstrations,2,0
2022-07-01,2022,7,July,West Bank,Jericho,PS0135,demonstrations,1,0
2022-07-01,2022,7,July,West Bank,Qalqilya,PS0120,demonstrations,7,0
2022-07-01,2022,7,July,West Bank,Salfit,PS0125,demonstrations,4,0
2022-07-01,2022,7,July,West Bank,Nablus,PS0115,demonstrations,17,0
2022-07-01,2022,7,July,West Bank,Ramallah and Al Bireh,PS0130,demonstrations,14,0
2022-07-01,2022,7,July,West Bank,Bethlehem,PS0145,demonstrations,3,0
2022-07-01,2022,7,July,West Bank,Al Quds,PS0140,demonstrations,8,0
2022-07-01,2022,7,July,West Bank,Hebron,PS0150,demonstrations,10,0
2022-07-01,2022,7,July,West Bank,Tulkarm,PS0110,demonstrations,2,0
2022-07-01,2022,7,July,West Bank,Tubas,PS0105,demonstrations,0,0
2022-08-01,2022,8,August,West Bank,Jenin,PS0101,demonstrations,11,0
2022-08-01,2022,8,August,West Bank,Jericho,PS0135,demonstrations,7,0
2022-08-01,2022,8,August,West Bank,Qalqilya,PS0120,demonstrations,10,0
2022-08-01,2022,8,August,West Bank,Salfit,PS0125,demonstrations,5,0
2022-08-01,2022,8,August,West Bank,Nablus,PS0115,demonstrations,23,0
2022-08-01,2022,8,August,West Bank,Ramallah and Al Bireh,PS0130,demonstrations,19,0
2022-08-01,2022,8,August,West Bank,Bethlehem,PS0145,demonstrations,17,0
2022-08-01,2022,8,August,West Bank,Al Quds,PS0140,demonstrations,15,0
2022-08-01,2022,8,August,West Bank,Hebron,PS0150,demonstrations,25,0
2022-08-01,2022,8,August,West Bank,Tulkarm,PS0110,demonstrations,13,0
2022-08-01,2022,8,August,West Bank,Tubas,PS0105,demonstrations,7,0
2022-09-01,2022,9,September,West Bank,Jenin,PS0101,demonstrations,9,0
2022-09-01,2022,9,September,West Bank,Jericho,PS0135,demonstrations,3,0
2022-09-01,2022,9,September,West Bank,Qalqilya,PS0120,demonstrations,8,0
2022-09-01,2022,9,September,West Bank,Salfit,PS0125,demonstrations,2,0
2022-09-01,2022,9,September,West Bank,Nablus,PS0115,demonstrations,25,0
2022-09-01,2022,9,September,West Bank,Ramallah and Al Bireh,PS0130,demonstrations,28,0
2022-09-01,2022,9,September,West Bank,Bethlehem,PS0145,demonstrations,8,0
2022-09-01,2022,9,September,West Bank,Al Quds,PS0140,demonstrations,19,0
2022-09-01,2022,9,September,West Bank,Hebron,PS0150,demonstrations,21,0
2022-09-01,2022,9,September,West Bank,Tulkarm,PS0110,demonstrations,7,0
2022-09-01,2022,9,September,West Bank,Tubas,PS0105,demonstrations,6,0
2022-10-01,2022,10,October,West Bank,Jenin,PS0101,demonstrations,11,0
2022-10-01,2022,10,October,West Bank,Jericho,PS0135,demonstrations,7,0
2022-10-01,2022,10,October,West Bank,Qalqilya,PS0120,demonstrations,12,0
2022-10-01,2022,10,October,West Bank,Salfit,PS0125,demonstrations,6,0
2022-10-01,2022,10,October,West Bank,Nablus,PS0115,demonstrations,36,0
2022-10-01,2022,10,October,West Bank,Ramallah and Al Bireh,PS0130,demonstrations,61,0
2022-10-01,2022,10,October,West Bank,Bethlehem,PS0145,demonstrations,23,0
2022-10-01,2022,10,October,West Bank,Al Quds,PS0140,demonstrations,53,0
2022-10-01,2022,10,October,West Bank,Hebron,PS0150,demonstrations,47,0
2022-10-01,2022,10,October,West Bank,Tulkarm,PS0110,demonstrations,10,0
2022-10-01,2022,10,October,West Bank,Tubas,PS0105,demonstrations,3,0
2022-11-01,2022,11,November,West Bank,Jenin,PS0101,demonstrations,7,0
2022-11-01,2022,11,November,West Bank,Jericho,PS0135,demonstrations,3,0
2022-11-01,2022,11,November,West Bank,Qalqilya,PS0120,demonstrations,5,0
2022-11-01,2022,11,November,West Bank,Salfit,PS0125,demonstrations,6,0
2022-11-01,2022,11,November,West Bank,Nablus,PS0115,demonstrations,17,0
2022-11-01,2022,11,November,West Bank,Ramallah and Al Bireh,PS0130,demonstrations,14,0
2022-11-01,2022,11,November,West Bank,Bethlehem,PS0145,demonstrations,4,0
2022-11-01,2022,11,November,West Bank,Al Quds,PS0140,demonstrations,7,0
2022-11-01,2022,11,November,West Bank,Hebron,PS0150,demonstrations,10,0
2022-11-01,2022,11,November,West Bank,Tulkarm,PS0110,demonstrations,3,0
2022-11-01,2022,11,November,West Bank,Tubas,PS0105,demonstrations,1,0
2022-12-01,2022,12,December,West Bank,Jenin,PS0101,demonstrations,4,0
2022-12-01,2022,12,December,West Bank,Jericho,PS0135,demonstrations,0,0
2022-12-01,2022,12,December,West Bank,Qalqilya,PS0120,demonstrations,8,0
2022-12-01,2022,12,December,West Bank,Salfit,PS0125,demonstrations,0,0
2022-12-01,2022,12,December,West Bank,Nablus,PS0115,demonstrations,13,0
2022-12-01,2022,12,December,West Bank,Ramallah and Al Bireh,PS0130,demonstrations,32,0
2022-12-01,2022,12,December,West Bank,Bethlehem,PS0145,demonstrations,5,0
2022-12-01,2022,12,December,West Bank,Al Quds,PS0140,demonstrations,9,0
2022-12-01,2022,12,December,West Bank,Hebron,PS0150,demonstrations,12,0
2022-12-01,2022,12,December,West Bank,Tulkarm,PS0110,demonstrations,5,0
2022-12-01,2022,12,December,West Bank,Tubas,PS0105,demonstrations,1,0
2023-01-01,2023,1,January,West Bank,Jenin,PS0101,demonstrations,11,0
2023-01-01,2023,1,January,West Bank,Jericho,PS0135,demonstrations,2,0
2023-01-01,2023,1,January,West Bank,Qalqilya,PS0120,demonstrations,10,0
2023-01-01,2023,1,January,West Bank,Salfit,PS0125,demonstrations,2,0
2023-01-01,2023,1,January,West Bank,Nablus,PS0115,demonstrations,22,0
2023-01-01,2023,1,January,West Bank,Ramallah and Al Bireh,PS0130,demonstrations,26,0
2023-01-01,2023,1,January,West Bank,Bethlehem,PS0145,demonstrations,5,0
2023-01-01,2023,1,January,West Bank,Al Quds,PS0140,demonstrations,30,0
2023-01-01,2023,1,January,West Bank,Hebron,PS0150,demonstrations,17,0
2023-01-01,2023,1,January,West Bank,Tulkarm,PS0110,demonstrations,3,0
2023-01-01,2023,1,January,West Bank,Tubas,PS0105,demonstrations,1,0
2023-02-01,2023,2,February,West Bank,Jenin,PS0101,demonstrations,9,0
2023-02-01,2023,2,February,West Bank,Jericho,PS0135,demonstrations,3,0
2023-02-01,2023,2,February,West Bank,Qalqilya,PS0120,demonstrations,8,0
2023-02-01,2023,2,February,West Bank,Salfit,PS0125,demonstrations,0,0
2023-02-01,2023,2,February,West Bank,Nablus,PS0115,demonstrations,18,0
2023-02-01,2023,2,February,West Bank,Ramallah and Al Bireh,PS0130,demonstrations,19,0
2023-02-01,2023,2,February,West Bank,Bethlehem,PS0145,demonstrations,14,0
2023-02-01,2023,2,February,West Bank,Al Quds,PS0140,demonstrations,16,0
2023-02-01,2023,2,February,West Bank,Hebron,PS0150,demonstrations,18,0
2023-02-01,2023,2,February,West Bank,Tulkarm,PS0110,demonstrations,7,0
2023-02-01,2023,2,February,West Bank,Tubas,PS0105,demonstrations,4,0
2023-03-01,2023,3,March,West Bank,Jenin,PS0101,demonstrations,8,0
2023-03-01,2023,3,March,West Bank,Jericho,PS0135,demonstrations,3,0
2023-03-01,2023,3,March,West Bank,Qalqilya,PS0120,demonstrations,12,0
2023-03-01,2023,3,March,West Bank,Salfit,PS0125,demonstrations,3,0
2023-03-01,2023,3,March,West Bank,Nablus,PS0115,demonstrations,26,0
2023-03-01,2023,3,March,West Bank,Ramallah and Al Bireh,PS0130,demonstrations,17,0
2023-03-01,2023,3,March,West Bank,Bethlehem,PS0145,demonstrations,10,0
2023-03-01,2023,3,March,West Bank,Al Quds,PS0140,demonstrations,10,0
2023-03-01,2023,3,March,West Bank,Hebron,PS0150,demonstrations,18,0
2023-03-01,2023,3,March,West Bank,Tulkarm,PS0110,demonstrations,11,0
2023-03-01,2023,3,March,West Bank,Tubas,PS0105,demonstrations,2,0
2023-04-01,2023,4,April,West Bank,Jenin,PS0101,demonstrations,10,0
2023-04-01,2023,4,April,West Bank,Jericho,PS0135,demonstrations,2,0
2023-04-01,2023,4,April,West Bank,Qalqilya,PS0120,demonstrations,6,0
2023-04-01,2023,4,April,West Bank,Salfit,PS0125,demonstrations,0,0
2023-04-01,2023,4,April,West Bank,Nablus,PS0115,demonstrations,15,0
2023-04-01,2023,4,April,West Bank,Ramallah and Al Bireh,PS0130,demonstrations,10,0
2023-04-01,2023,4,April,West Bank,Bethlehem,PS0145,demonstrations,7,0
2023-04-01,2023,4,April,West Bank,Al Quds,PS0140,demonstrations,16,0
2023-04-01,2023,4,April,West Bank,Hebron,PS0150,demonstrations,9,0
2023-04-01,2023,4,April,West Bank,Tulkarm,PS0110,demonstrations,6,0
2023-04-01,2023,4,April,West Bank,Tubas,PS0105,demonstrations,3,0
2023-05-01,2023,5,May,West Bank,Jenin,PS0101,demonstrations,13,0
2023-05-01,2023,5,May,West Bank,Jericho,PS0135,demonstrations,2,0
2023-05-01,2023,5,May,West Bank,Qalqilya,PS0120,demonstrations,8,0
2023-05-01,2023,5,May,West Bank,Salfit,PS0125,demonstrations,0,0
2023-05-01,2023,5,May,West Bank,Nablus,PS0115,demonstrations,16,0
2023-05-01,2023,5,May,West Bank,Ramallah and Al Bireh,PS0130,demonstrations,19,0
2023-05-01,2023,5,May,West Bank,Bethlehem,PS0145,demonstrations,4,0
2023-05-01,2023,5,May,West Bank,Al Quds,PS0140,demonstrations,8,0
2023-05-01,2023,5,May,West Bank,Hebron,PS0150,demonstrations,23,0
2023-05-01,2023,5,May,West Bank,Tulkarm,PS0110,demonstrations,7,0
2023-05-01,2023,5,May,West Bank,Tubas,PS0105,demonstrations,3,0
2023-06-01,2023,6,June,West Bank,Jenin,PS0101,demonstrations,4,0
2023-06-01,2023,6,June,West Bank,Jericho,PS0135,demonstrations,1,0
2023-06-01,2023,6,June,West Bank,Qalqilya,PS0120,demonstrations,7,0
2023-06-01,2023,6,June,West Bank,Salfit,PS0125,demonstrations,5,0
2023-06-01,2023,6,June,West Bank,Nablus,PS0115,demonstrations,14,0
2023-06-01,2023,6,June,West Bank,Ramallah and Al Bireh,PS0130,demonstrations,18,0
2023-06-01,2023,6,June,West Bank,Bethlehem,PS0145,demonstrations,4,0
2023-06-01,2023,6,June,West Bank,Al Quds,PS0140,demonstrations,8,0
2023-06-01,2023,6,June,West Bank,Hebron,PS0150,demonstrations,4,0
2023-06-01,2023,6,June,West Bank,Tulkarm,PS0110,demonstrations,4,0
2023-06-01,2023,6,June,West Bank,Tubas,PS0105,demonstrations,1,0
2023-07-01,2023,7,July,West Bank,Jenin,PS0101,demonstrations,7,0
2023-07-01,2023,7,July,West Bank,Jericho,PS0135,demonstrations,3,0
2023-07-01,2023,7,July,West Bank,Qalqilya,PS0120,demonstrations,11,0
2023-07-01,2023,7,July,West Bank,Salfit,PS0125,demonstrations,6,0
2023-07-01,2023,7,July,West Bank,Nablus,PS0115,demonstrations,11,0
2023-07-01,2023,7,July,West Bank,Ramallah and Al Bireh,PS0130,demonstrations,32,0
2023-07-01,2023,7,July,West Bank,Bethlehem,PS0145,demonstrations,11,0
2023-07-01,2023,7,July,West Bank,Al Quds,PS0140,demonstrations,30,0
2023-07-01,2023,7,July,West Bank,Hebron,PS0150,demonstrations,18,0
2023-07-01,2023,7,July,West Bank,Tulkarm,PS0110,demonstrations,5,0
2023-07-01,2023,7,July,West Bank,Tubas,PS0105,demonstrations,2,0
2023-08-01,2023,8,August,West Bank,Jenin,PS0101,demonstrations,6,0
2023-08-01,2023,8,August,West Bank,Jericho,PS0135,demonstrations,1,0
2023-08-01,2023,8,August,West Bank,Qalqilya,PS0120,demonstrations,7,0
2023-08-01,2023,8,August,West Bank,Salfit,PS0125,demonstrations,2,0
2023-08-01,2023,8,August,West Bank,Nablus,PS0115,demonstrations,10,0
2023-08-01,2023,8,August,West Bank,Ramallah and Al Bireh,PS0130,demonstrations,13,0
2023-08-01,2023,8,August,West Bank,Bethlehem,PS0145,demonstrations,6,0
2023-08-01,2023,8,August,West Bank,Al Quds,PS0140,demonstrations,2,0
2023-08-01,2023,8,August,West Bank,Hebron,PS0150,demonstrations,18,0
2023-08-01,2023,8,August,West Bank,Tulkarm,PS0110,demonstrations,6,0
2023-08-01,2023,8,August,West Bank,Tubas,PS0105,demonstrations,4,0
2023-09-01,2023,9,September,West Bank,Jenin,PS0101,demonstrations,5,0
2023-09-01,2023,9,September,West Bank,Jericho,PS0135,demonstrations,0,0
2023-09-01,2023,9,September,West Bank,Qalqilya,PS0120,demonstrations,10,0
2023-09-01,2023,9,September,West Bank,Salfit,PS0125,demonstrations,5,0
2023-09-01,2023,9,September,West Bank,Nablus,PS0115,demonstrations,14,0
2023-09-01,2023,9,September,West Bank,Ramallah and Al Bireh,PS0130,demonstrations,10,0
2023-09-01,2023,9,September,West Bank,Bethlehem,PS0145,demonstrations,3,0
2023-09-01,2023,9,September,West Bank,Al Quds,PS0140,demonstrations,5,0
2023-09-01,2023,9,September,West Bank,Hebron,PS0150,demonstrations,11,0
2023-09-01,2023,9,September,West Bank,Tulkarm,PS0110,demonstrations,4,0
2023-09-01,2023,9,September,West Bank,Tubas,PS0105,demonstrations,2,0
2023-10-01,2023,10,October,West Bank,Jenin,PS0101,demonstrations,48,0
2023-10-01,2023,10,October,West Bank,Jericho,PS0135,demonstrations,6,0
2023-10-01,2023,10,October,West Bank,Qalqilya,PS0120,demonstrations,27,0
2023-10-01,2023,10,October,West Bank,Salfit,PS0125,demonstrations,11,0
2023-10-01,2023,10,October,West Bank,Nablus,PS0115,demonstrations,34,0
2023-10-01,2023,10,October,West Bank,Ramallah and Al Bireh,PS0130,demonstrations,62,0
2023-10-01,2023,10,October,West Bank,Bethlehem,PS0145,demonstrations,41,0
2023-10-01,2023,10,October,West Bank,Al Quds,PS0140,demonstrations,57,0
2023-10-01,2023,10,October,West Bank,Hebron,PS0150,demonstrations,68,0
2023-10-01,2023,10,October,West Bank,Tulkarm,PS0110,demonstrations,23,0
2023-10-01,2023,10,October,West Bank,Tubas,PS0105,demonstrations,14,0
2023-11-01,2023,11,November,West Bank,Jenin,PS0101,demonstrations,4,0
2023-11-01,2023,11,November,West Bank,Jericho,PS0135,demonstrations,1,0
2023-11-01,2023,11,November,West Bank,Qalqilya,PS0120,demonstrations,13,0
2023-11-01,2023,11,November,West Bank,Salfit,PS0125,demonstrations,1,0
2023-11-01,2023,11,November,West Bank,Nablus,PS0115,demonstrations,22,0
2023-11-01,2023,11,November,West Bank,Ramallah and Al Bireh,PS0130,demonstrations,26,0
2023-11-01,2023,11,November,West Bank,Bethlehem,PS0145,demonstrations,6,0
2023-11-01,2023,11,November,West Bank,Al Quds,PS0140,demonstrations,8,0
2023-11-01,2023,11,November,West Bank,Hebron,PS0150,demonstrations,24,0
2023-11-01,2023,11,November,West Bank,Tulkarm,PS0110,demonstrations,8,0
2023-11-01,2023,11,November,West Bank,Tubas,PS0105,demonstrations,3,0
2023-12-01,2023,12,December,West Bank,Jenin,PS0101,demonstrations,6,0
2023-12-01,2023,12,December,West Bank,Jericho,PS0135,demonstrations,0,0
2023-12-01,2023,12,December,West Bank,Qalqilya,PS0120,demonstrations,4,0
2023-12-01,2023,12,December,West Bank,Salfit,PS0125,demonstrations,1,0
2023-12-01,2023,12,December,West Bank,Nablus,PS0115,demonstrations,10,0
2023-12-01,2023,12,December,West Bank,Ramallah and Al Bireh,PS0130,demonstrations,13,0
2023-12-01,2023,12,December,West Bank,Bethlehem,PS0145,demonstrations,4,0
2023-12-01,2023,12,December,West Bank,Al Quds,PS0140,demonstrations,1,0
2023-12-01,2023,12,December,West Bank,Hebron,PS0150,demonstrations,6,0
2023-12-01,2023,12,December,West Bank,Tulkarm,PS0110,demonstrations,4,0
2023-12-01,2023,12,December,West Bank,Tubas,PS0105,demonstrations,1,0
2024-01-01,2024,1,January,West Bank,Jenin,PS0101,demonstrations,6,0
2024-01-01,2024,1,January,West Bank,Jericho,PS0135,demonstrations,0,0
2024-01-01,2024,1,January,West Bank,Qalqilya,PS0120,demonstrations,1,0
2024-01-01,2024,1,January,West Bank,Salfit,PS0125,demonstrations,0,0
2024-01-01,2024,1,January,West Bank,Nablus,PS0115,demonstrations,4,0
2024-01-01,2024,1,January,West Bank,Ramallah and Al Bireh,PS0130,demonstrations,15,0
2024-01-01,2024,1,January,West Bank,Bethlehem,PS0145,demonstrations,0,0
2024-01-01,2024,1,January,West Bank,Al Quds,PS0140,demonstrations,1,0
2024-01-01,2024,1,January,West Bank,Hebron,PS0150,demonstrations,6,0
2024-01-01,2024,1,January,West Bank,Tulkarm,PS0110,demonstrations,2,0
2024-01-01,2024,1,January,West Bank,Tubas,PS0105,demonstrations,3,0
2024-02-01,2024,2,February,West Bank,Jenin,PS0101,demonstrations,6,0
2024-02-01,2024,2,February,West Bank,Jericho,PS0135,demonstrations,2,0
2024-02-01,2024,2,February,West Bank,Qalqilya,PS0120,demonstrations,2,0
2024-02-01,2024,2,February,West Bank,Salfit,PS0125,demonstrations,0,0
2024-02-01,2024,2,February,West Bank,Nablus,PS0115,demonstrations,6,0
2024-02-01,2024,2,February,West Bank,Ramallah and Al Bireh,PS0130,demonstrations,14,0
2024-02-01,2024,2,February,West Bank,Bethlehem,PS0145,demonstrations,2,0
2024-02-01,2024,2,February,West Bank,Al Quds,PS0140,demonstrations,1,0
2024-02-01,2024,2,February,West Bank,Hebron,PS0150,demonstrations,3,0
2024-02-01,2024,2,February,West Bank,Tulkarm,PS0110,demonstrations,4,0
2024-02-01,2024,2,February,West Bank,Tubas,PS0105,demonstrations,1,0
2024-03-01,2024,3,March,West Bank,Jenin,PS0101,demonstrations,4,0
2024-03-01,2024,3,March,West Bank,Jericho,PS0135,demonstrations,0,0
2024-03-01,2024,3,March,West Bank,Qalqilya,PS0120,demonstrations,0,0
2024-03-01,2024,3,March,West Bank,Salfit,PS0125,demonstrations,0,0
2024-03-01,2024,3,March,West Bank,Nablus,PS0115,demonstrations,7,0
2024-03-01,2024,3,March,West Bank,Ramallah and Al Bireh,PS0130,demonstrations,16,0
2024-03-01,2024,3,March,West Bank,Bethlehem,PS0145,demonstrations,3,0
2024-03-01,2024,3,March,West Bank,Al Quds,PS0140,demonstrations,5,0
2024-03-01,2024,3,March,West Bank,Hebron,PS0150,demonstrations,4,0
2024-03-01,2024,3,March,West Bank,Tulkarm,PS0110,demonstrations,6,0
2024-03-01,2024,3,March,West Bank,Tubas,PS0105,demonstrations,0,0
2024-04-01,2024,4,April,West Bank,Jenin,PS0101,demonstrations,7,0
2024-04-01,2024,4,April,West Bank,Jericho,PS0135,demonstrations,0,0
2024-04-01,2024,4,April,West Bank,Qalqilya,PS0120,demonstrations,1,0
2024-04-01,2024,4,April,West Bank,Salfit,PS0125,demonstrations,0,0
2024-04-01,2024,4,April,West Bank,Nablus,PS0115,demonstrations,6,0
2024-04-01,2024,4,April,West Bank,Ramallah and Al Bireh,PS0130,demonstrations,16,0
2024-04-01,2024,4,April,West Bank,Bethlehem,PS0145,demonstrations,2,0
2024-04-01,2024,4,April,West Bank,Al Quds,PS0140,demonstrations,1,0
2024-04-01,2024,4,April,West Bank,Hebron,PS0150,demonstrations,4,0
2024-04-01,2024,4,April,West Bank,Tulkarm,PS0110,demonstrations,6,0
2024-04-01,2024,4,April,West Bank,Tubas,PS0105,demonstrations,1,0
2024-05-01,2024,5,May,West Bank,Jenin,PS0101,demonstrations,8,0
2024-05-01,2024,5,May,West Bank,Jericho,PS0135,demonstrations,0,0
2024-05-01,2024,5,May,West Bank,Qalqilya,PS0120,demonstrations,2,0
2024-05-01,2024,5,May,West Bank,Salfit,PS0125,demonstrations,2,0
2024-05-01,2024,5,May,West Bank,Nablus,PS0115,demonstrations,3,0
2024-05-01,2024,5,May,West Bank,Ramallah and Al Bireh,PS0130,demonstrations,13,0
2024-05-01,2024,5,May,West Bank,Bethlehem,PS0145,demonstrations,2,0
2024-05-01,2024,5,May,West Bank,Al Quds,PS0140,demonstrations,2,0
2024-05-01,2024,5,May,West Bank,Hebron,PS0150,demonstrations,1,0
2024-05-01,2024,5,May,West Bank,Tulkarm,PS0110,demonstrations,7,0
2024-05-01,2024,5,May,West Bank,Tubas,PS0105,demonstrations,2,0
2024-06-01,2024,6,June,West Bank,Jenin,PS0101,demonstrations,5,0
2024-06-01,2024,6,June,West Bank,Jericho,PS0135,demonstrations,0,0
2024-06-01,2024,6,June,West Bank,Qalqilya,PS0120,demonstrations,2,0
2024-06-01,2024,6,June,West Bank,Salfit,PS0125,demonstrations,0,0
2024-06-01,2024,6,June,West Bank,Nablus,PS0115,demonstrations,4,0
2024-06-01,2024,6,June,West Bank,Ramallah and Al Bireh,PS0130,demonstrations,9,0
2024-06-01,2024,6,June,West Bank,Bethlehem,PS0145,demonstrations,1,0
2024-06-01,2024,6,June,West Bank,Al Quds,PS0140,demonstrations,2,0
2024-06-01,2024,6,June,West Bank,Hebron,PS0150,demonstrations,3,0
2024-06-01,2024,6,June,West Bank,Tulkarm,PS0110,demonstrations,3,0
2024-06-01,2024,6,June,West Bank,Tubas,PS0105,demonstrations,2,0
2024-07-01,2024,7,July,West Bank,Jenin,PS0101,demonstrations,8,0
2024-07-01,2024,7,July,West Bank,Jericho,PS0135,demonstrations,0,0
2024-07-01,2024,7,July,West Bank,Qalqilya,PS0120,demonstrations,4,0
2024-07-01,2024,7,July,West Bank,Salfit,PS0125,demonstrations,1,0
2024-07-01,2024,7,July,West Bank,Nablus,PS0115,demonstrations,12,0
2024-07-01,2024,7,July,West Bank,Ramallah and Al Bireh,PS0130,demonstrations,9,0
2024-07-01,2024,7,July,West Bank,Bethlehem,PS0145,demonstrations,2,0
2024-07-01,2024,7,July,West Bank,Al Quds,PS0140,demonstrations,2,0
2024-07-01,2024,7,July,West Bank,Hebron,PS0150,demonstrations,4,0
2024-07-01,2024,7,July,West Bank,Tulkarm,PS0110,demonstrations,5,0
2024-07-01,2024,7,July,West Bank,Tubas,PS0105,demonstrations,4,0
2024-08-01,2024,8,August,West Bank,Jenin,PS0101,demonstrations,6,0
2024-08-01,2024,8,August,West Bank,Jericho,PS0135,demonstrations,1,0
2024-08-01,2024,8,August,West Bank,Qalqilya,PS0120,demonstrations,3,0
2024-08-01,2024,8,August,West Bank,Salfit,PS0125,demonstrations,1,0
2024-08-01,2024,8,August,West Bank,Nablus,PS0115,demonstrations,6,0
2024-08-01,2024,8,August,West Bank,Ramallah and Al Bireh,PS0130,demonstrations,15,0
2024-08-01,2024,8,August,West Bank,Bethlehem,PS0145,demonstrations,4,0
2024-08-01,2024,8,August,West Bank,Al Quds,PS0140,demonstrations,1,0
2024-08-01,2024,8,August,West Bank,Hebron,PS0150,demonstrations,4,0
2024-08-01,2024,8,August,West Bank,Tulkarm,PS0110,demonstrations,3,0
2024-08-01,2024,8,August,West Bank,Tubas,PS0105,demonstrations,1,0
2024-09-01,2024,9,September,West Bank,Jenin,PS0101,demonstrations,3,0
2024-09-01,2024,9,September,West Bank,Jericho,PS0135,demonstrations,1,0
2024-09-01,2024,9,September,West Bank,Qalqilya,PS0120,demonstrations,1,0
2024-09-01,2024,9,September,West Bank,Salfit,PS0125,demonstrations,0,0
2024-09-01,2024,9,September,West Bank,Nablus,PS0115,demonstrations,7,0
2024-09-01,2024,9,September,West Bank,Ramallah and Al Bireh,PS0130,demonstrations,8,0
2024-09-01,2024,9,September,West Bank,Bethlehem,PS0145,demonstrations,3,0
2024-09-01,2024,9,September,West Bank,Al Quds,PS0140,demonstrations,0,0
2024-09-01,2024,9,September,West Bank,Hebron,PS0150,demonstrations,2,0
2024-09-01,2024,9,September,West Bank,Tulkarm,PS0110,demonstrations,3,0
2024-09-01,2024,9,September,West Bank,Tubas,PS0105,demonstrations,0,0
2024-10-01,2024,10,October,West Bank,Jenin,PS0101,demonstrations,6,0
2024-10-01,2024,10,October,West Bank,Jericho,PS0135,demonstrations,0,0
2024-10-01,2024,10,October,West Bank,Qalqilya,PS0120,demonstrations,3,0
2024-10-01,2024,10,October,West Bank,Salfit,PS0125,demonstrations,0,0
2024-10-01,2024,10,October,West Bank,Nablus,PS0115,demonstrations,9,0
2024-10-01,2024,10,October,West Bank,Ramallah and Al Bireh,PS0130,demonstrations,16,0
2024-10-01,2024,10,October,West Bank,Bethlehem,PS0145,demonstrations,1,0
2024-10-01,2024,10,October,West Bank,Al Quds,PS0140,demonstrations,2,0
2024-10-01,2024,10,October,West Bank,Hebron,PS0150,demonstrations,5,0
2024-10-01,2024,10,October,West Bank,Tulkarm,PS0110,demonstrations,7,0
2024-10-01,2024,10,October,West Bank,Tubas,PS0105,demonstrations,2,0
2024-11-01,2024,11,November,West Bank,Jenin,PS0101,demonstrations,2,0
2024-11-01,2024,11,November,West Bank,Jericho,PS0135,demonstrations,1,0
2024-11-01,2024,11,November,West Bank,Qalqilya,PS0120,demonstrations,2,0
2024-11-01,2024,11,November,West Bank,Salfit,PS0125,demonstrations,0,0
2024-11-01,2024,11,November,West Bank,Nablus,PS0115,demonstrations,4,0
2024-11-01,2024,11,November,West Bank,Ramallah and Al Bireh,PS0130,demonstrations,8,0
2024-11-01,2024,11,November,West Bank,Bethlehem,PS0145,demonstrations,1,0
2024-11-01,2024,11,November,West Bank,Al Quds,PS0140,demonstrations,1,0
2024-11-01,2024,11,November,West Bank,Hebron,PS0150,demonstrations,2,0
2024-11-01,2024,11,November,West Bank,Tulkarm,PS0110,demonstrations,3,0
2024-11-01,2024,11,November,West Bank,Tubas,PS0105,demonstrations,0,0
2024-12-01,2024,12,December,West Bank,Jenin,PS0101,demonstrations,12,0
2024-12-01,2024,12,December,West Bank,Jericho,PS0135,demonstrations,1,0
2024-12-01,2024,12,December,West Bank,Qalqilya,PS0120,demonstrations,1,0
2024-12-01,2024,12,December,West Bank,Salfit,PS0125,demonstrations,1,0
2024-12-01,2024,12,December,West Bank,Nablus,PS0115,demonstrations,3,0
2024-12-01,2024,12,December,West Bank,Ramallah and Al Bireh,PS0130,demonstrations,6,0
2024-12-01,2024,12,December,West Bank,Bethlehem,PS0145,demonstrations,0,0
2024-12-01,2024,12,December,West Bank,Al Quds,PS0140,demonstrations,0,0
2024-12-01,2024,12,December,West Bank,Hebron,PS0150,demonstrations,4,0
2024-12-01,2024,12,December,West Bank,Tulkarm,PS0110,demonstrations,7,0
2024-12-01,2024,12,December,West Bank,Tubas,PS0105,demonstrations,4,0
2025-01-01,2025,1,January,West Bank,Jenin,PS0101,demonstrations,0,0
2025-01-01,2025,1,January,West Bank,Jericho,PS0135,demonstrations,0,0
2025-01-01,2025,1,January,West Bank,Qalqilya,PS0120,demonstrations,2,0
2025-01-01,2025,1,January,West Bank,Salfit,PS0125,demonstrations,0,0
2025-01-01,2025,1,January,West Bank,Nablus,PS0115,demonstrations,5,0
2025-01-01,2025,1,January,West Bank,Ramallah and Al Bireh,PS0130,demonstrations,1,0
2025-01-01,2025,1,January,West Bank,Bethlehem,PS0145,demonstrations,1,0
2025-01-01,2025,1,January,West Bank,Al Quds,PS0140,demonstrations,0,0
2025-01-01,2025,1,January,West Bank,Hebron,PS0150,demonstrations,2,0
2025-01-01,2025,1,January,West Bank,Tulkarm,PS0110,demonstrations,2,0
2025-01-01,2025,1,January,West Bank,Tubas,PS0105,demonstrations,0,0
2025-02-01,2025,2,February,West Bank,Jenin,PS0101,demonstrations,0,0
2025-02-01,2025,2,February,West Bank,Jericho,PS0135,demonstrations,0,0
2025-02-01,2025,2,February,West Bank,Qalqilya,PS0120,demonstrations,1,0
2025-02-01,2025,2,February,West Bank,Salfit,PS0125,demonstrations,0,0
2025-02-01,2025,2,February,West Bank,Nablus,PS0115,demonstrations,2,0
2025-02-01,2025,2,February,West Bank,Ramallah and Al Bireh,PS0130,demonstrations,4,0
2025-02-01,2025,2,February,West Bank,Bethlehem,PS0145,demonstrations,0,0
2025-02-01,2025,2,February,West Bank,Al Quds,PS0140,demonstrations,0,0
2025-02-01,2025,2,February,West Bank,Hebron,PS0150,demonstrations,1,0
2025-02-01,2025,2,February,West Bank,Tulkarm,PS0110,demonstrations,2,0
2025-02-01,2025,2,February,West Bank,Tubas,PS0105,demonstrations,0,0
2025-03-01,2025,3,March,West Bank,Jenin,PS0101,demonstrations,0,0
2025-03-01,2025,3,March,West Bank,Jericho,PS0135,demonstrations,0,0
2025-03-01,2025,3,March,West Bank,Qalqilya,PS0120,demonstrations,1,0
2025-03-01,2025,3,March,West Bank,Salfit,PS0125,demonstrations,0,0
2025-03-01,2025,3,March,West Bank,Nablus,PS0115,demonstrations,1,0
2025-03-01,2025,3,March,West Bank,Ramallah and Al Bireh,PS0130,demonstrations,6,0
2025-03-01,2025,3,March,West Bank,Bethlehem,PS0145,demonstrations,1,0
2025-03-01,2025,3,March,West Bank,Al Quds,PS0140,demonstrations,0,0
2025-03-01,2025,3,March,West Bank,Hebron,PS0150,demonstrations,0,0
2025-03-01,2025,3,March,West Bank,Tulkarm,PS0110,demonstrations,0,0
2025-03-01,2025,3,March,West Bank,Tubas,PS0105,demonstrations,1,0
2025-04-01,2025,4,April,West Bank,Jenin,PS0101,demonstrations,2,0
2025-04-01,2025,4,April,West Bank,Jericho,PS0135,demonstrations,1,0
2025-04-01,2025,4,April,West Bank,Qalqilya,PS0120,demonstrations,1,0
2025-04-01,2025,4,April,West Bank,Salfit,PS0125,demonstrations,1,0
2025-04-01,2025,4,April,West Bank,Nablus,PS0115,demonstrations,8,0
2025-04-01,2025,4,April,West Bank,Ramallah and Al Bireh,PS0130,demonstrations,8,0
2025-04-01,2025,4,April,West Bank,Bethlehem,PS0145,demonstrations,2,0
2025-04-01,2025,4,April,West Bank,Al Quds,PS0140,demonstrations,1,0
2025-04-01,2025,4,April,West Bank,Hebron,PS0150,demonstrations,4,0
2025-04-01,2025,4,April,West Bank,Tulkarm,PS0110,demonstrations,2,0
2025-04-01,2025,4,April,West Bank,Tubas,PS0105,demonstrations,2,0
2025-05-01,2025,5,May,West Bank,Jenin,PS0101,demonstrations,2,0
2025-05-01,2025,5,May,West Bank,Jericho,PS0135,demonstrations,0,0
2025-05-01,2025,5,May,West Bank,Qalqilya,PS0120,demonstrations,2,0
2025-05-01,2025,5,May,West Bank,Salfit,PS0125,demonstrations,1,0
2025-05-01,2025,5,May,West Bank,Nablus,PS0115,demonstrations,5,0
2025-05-01,2025,5,May,West Bank,Ramallah and Al Bireh,PS0130,demonstrations,6,0
2025-05-01,2025,5,May,West Bank,Bethlehem,PS0145,demonstrations,0,0
2025-05-01,2025,5,May,West Bank,Al Quds,PS0140,demonstrations,5,0
2025-05-01,2025,5,May,West Bank,Hebron,PS0150,demonstrations,8,0
2025-05-01,2025,5,May,West Bank,Tulkarm,PS0110,demonstrations,2,0
2025-05-01,2025,5,May,West Bank,Tubas,PS0105,demonstrations,3,0
2025-06-01,2025,6,June,West Bank,Jenin,PS0101,demonstrations,0,0
2025-06-01,2025,6,June,West Bank,Jericho,PS0135,demonstrations,0,0
2025-06-01,2025,6,June,West Bank,Qalqilya,PS0120,demonstrations,0,0
2025-06-01,2025,6,June,West Bank,Salfit,PS0125,demonstrations,0,0
2025-06-01,2025,6,June,West Bank,Nablus,PS0115,demonstrations,2,0
2025-06-01,2025,6,June,West Bank,Ramallah and Al Bireh,PS0130,demonstrations,2,0
2025-06-01,2025,6,June,West Bank,Bethlehem,PS0145,demonstrations,0,0
2025-06-01,2025,6,June,West Bank,Al Quds,PS0140,demonstrations,0,0
2025-06-01,2025,6,June,West Bank,Hebron,PS0150,demonstrations,0,0
2025-06-01,2025,6,June,West Bank,Tulkarm,PS0110,demonstrations,0,0
2025-06-01,2025,6,June,West Bank,Tubas,PS0105,demonstrations,0,0
2025-07-01,2025,7,July,West Bank,Jenin,PS0101,demonstrations,6,0
2025-07-01,2025,7,July,West Bank,Jericho,PS0135,demonstrations,1,0
2025-07-01,2025,7,July,West Bank,Qalqilya,PS0120,demonstrations,1,0
2025-07-01,2025,7,July,West Bank,Salfit,PS0125,demonstrations,0,0
2025-07-01,2025,7,July,West Bank,Nablus,PS0115,demonstrations,9,0
2025-07-01,2025,7,July,West Bank,Ramallah and Al Bireh,PS0130,demonstrations,17,0
2025-07-01,2025,7,July,West Bank,Bethlehem,PS0145,demonstrations,1,0
2025-07-01,2025,7,July,West Bank,Al Quds,PS0140,demonstrations,1,0
2025-07-01,2025,7,July,West Bank,Hebron,PS0150,demonstrations,3,0
2025-07-01,2025,7,July,West Bank,Tulkarm,PS0110,demonstrations,4,0
2025-07-01,2025,7,July,West Bank,Tubas,PS0105,demonstrations,0,0
2025-08-01,2025,8,August,West Bank,Jenin,PS0101,demonstrations,5,0
2025-08-01,2025,8,August,West Bank,Jericho,PS0135,demonstrations,1,0
2025-08-01,2025,8,August,West Bank,Qalqilya,PS0120,demonstrations,1,0
2025-08-01,2025,8,August,West Bank,Salfit,PS0125,demonstrations,1,0
2025-08-01,2025,8,August,West Bank,Nablus,PS0115,demonstrations,10,0
2025-08-01,2025,8,August,West Bank,Ramallah and Al Bireh,PS0130,demonstrations,18,0
2025-08-01,2025,8,August,West Bank,Bethlehem,PS0145,demonstrations,2,0
2025-08-01,2025,8,August,West Bank,Al Quds,PS0140,demonstrations,0,0
2025-08-01,2025,8,August,West Bank,Hebron,PS0150,demonstrations,2,0
2025-08-01,2025,8,August,West Bank,Tulkarm,PS0110,demonstrations,3,0
2025-08-01,2025,8,August,West Bank,Tubas,PS0105,demonstrations,3,0
2025-09-01,2025,9,September,West Bank,Jenin,PS0101,demonstrations,3,0
2025-09-01,2025,9,September,West Bank,Jericho,PS0135,demonstrations,0,0
2025-09-01,2025,9,September,West Bank,Qalqilya,PS0120,demonstrations,0,0
2025-09-01,2025,9,September,West Bank,Salfit,PS0125,demonstrations,0,0
2025-09-01,2025,9,September,West Bank,Nablus,PS0115,demonstrations,4,0
2025-09-01,2025,9,September,West Bank,Ramallah and Al Bireh,PS0130,demonstrations,7,0
2025-09-01,2025,9,September,West Bank,Bethlehem,PS0145,demonstrations,2,0
2025-09-01,2025,9,September,West Bank,Al Quds,PS0140,demonstrations,1,0
2025-09-01,2025,9,September,West Bank,Hebron,PS0150,demonstrations,4,0
2025-09-01,2025,9,September,West Bank,Tulkarm,PS0110,demonstrations,2,0
2025-09-01,2025,9,September,West Bank,Tubas,PS0105,demonstrations,0,0
2025-10-01,2025,10,October,West Bank,Jenin,PS0101,demonstrations,0,0
2025-10-01,2025,10,October,West Bank,Jericho,PS0135,demonstrations,0,0
2025-10-01,2025,10,October,West Bank,Qalqilya,PS0120,demonstrations,0,0
2025-10-01,2025,10,October,West Bank,Salfit,PS0125,demonstrations,1,0
2025-10-01,2025,10,October,West Bank,Nablus,PS0115,demonstrations,5,0
2025-10-01,2025,10,October,West Bank,Ramallah and Al Bireh,PS0130,demonstrations,7,0
2025-10-01,2025,10,October,West Bank,Bethlehem,PS0145,demonstrations,0,0
2025-10-01,2025,10,October,West Bank,Al Quds,PS0140,demonstrations,0,0
2025-10-01,2025,10,October,West Bank,Hebron,PS0150,demonstrations,3,0
2025-10-01,2025,10,October,West Bank,Tulkarm,PS0110,demonstrations,4,0
2025-10-01,2025,10,October,West Bank,Tubas,PS0105,demonstrations,0,0
2025-11-01,2025,11,November,West Bank,Jenin,PS0101,demonstrations,1,0
2025-11-01,2025,11,November,West Bank,Jericho,PS0135,demonstrations,0,0
2025-11-01,2025,11,November,West Bank,Qalqilya,PS0120,demonstrations,2,0
2025-11-01,2025,11,November,West Bank,Salfit,PS0125,demonstrations,3,0
2025-11-01,2025,11,November,West Bank,Nablus,PS0115,demonstrations,4,0
2025-11-01,2025,11,November,West Bank,Ramallah and Al Bireh,PS0130,demonstrations,2,0
2025-11-01,2025,11,November,West Bank,Bethlehem,PS0145,demonstrations,1,0
2025-11-01,2025,11,November,West Bank,Al Quds,PS0140,demonstrations,1,0
2025-11-01,2025,11,November,West Bank,Hebron,PS0150,demonstrations,7,0
2025-11-01,2025,11,November,West Bank,Tulkarm,PS0110,demonstrations,6,0
2025-11-01,2025,11,November,West Bank,Tubas,PS0105,demonstrations,0,0
2025-12-01,2025,12,December,West Bank,Jenin,PS0101,demonstrations,0,0
2025-12-01,2025,12,December,West Bank,Jericho,PS0135,demonstrations,0,0
2025-12-01,2025,12,December,West Bank,Qalqilya,PS0120,demonstrations,3,0
2025-12-01,2025,12,December,West Bank,Salfit,PS0125,demonstrations,1,0
2025-12-01,2025,12,December,West Bank,Nablus,PS0115,demonstrations,7,0
2025-12-01,2025,12,December,West Bank,Ramallah and Al Bireh,PS0130,demonstrations,0,0
2025-12-01,2025,12,December,West Bank,Bethlehem,PS0145,demonstrations,2,0
2025-12-01,2025,12,December,West Bank,Al Quds,PS0140,demonstrations,1,0
2025-12-01,2025,12,December,West Bank,Hebron,PS0150,demonstrations,1,0
2025-12-01,2025,12,December,West Bank,Tulkarm,PS0110,demonstrations,5,0
2025-12-01,2025,12,December,West Bank,Tubas,PS0105,demonstrations,0,0
2026-01-01,2026,1,January,West Bank,Jenin,PS0101,demonstrations,1,0
2026-01-01,2026,1,January,West Bank,Jericho,PS0135,demonstrations,1,0
2026-01-01,2026,1,January,West Bank,Qalqilya,PS0120,demonstrations,0,0
2026-01-01,2026,1,January,West Bank,Salfit,PS0125,demonstrations,0,0
2026-01-01,2026,1,January,West Bank,Nablus,PS0115,demonstrations,4,0
2026-01-01,2026,1,January,West Bank,Ramallah and Al Bireh,PS0130,demonstrations,2,0
2026-01-01,2026,1,January,West Bank,Bethlehem,PS0145,demonstrations,0,0
2026-01-01,2026,1,January,West Bank,Al Quds,PS0140,demonstrations,2,0
2026-01-01,2026,1,January,West Bank,Hebron,PS0150,demonstrations,2,0
2026-01-01,2026,1,January,West Bank,Tulkarm,PS0110,demonstrations,7,0
2026-01-01,2026,1,January,West Bank,Tubas,PS0105,demonstrations,0,0
2026-02-01,2026,2,February,West Bank,Jenin,PS0101,demonstrations,1,0
2026-02-01,2026,2,February,West Bank,Jericho,PS0135,demonstrations,0,0
2026-02-01,2026,2,February,West Bank,Qalqilya,PS0120,demonstrations,0,0
2026-02-01,2026,2,February,West Bank,Salfit,PS0125,demonstrations,0,0
2026-02-01,2026,2,February,West Bank,Nablus,PS0115,demonstrations,4,0
2026-02-01,2026,2,February,West Bank,Ramallah and Al Bireh,PS0130,demonstrations,4,0
2026-02-01,2026,2,February,West Bank,Bethlehem,PS0145,demonstrations,2,0
2026-02-01,2026,2,February,West Bank,Al Quds,PS0140,demonstrations,0,0
2026-02-01,2026,2,February,West Bank,Hebron,PS0150,demonstrations,3,0
2026-02-01,2026,2,February,West Bank,Tulkarm,PS0110,demonstrations,4,0
2026-02-01,2026,2,February,West Bank,Tubas,PS0105,demonstrations,6,0
2026-03-01,2026,3,March,West Bank,Jenin,PS0101,demonstrations,0,0
2026-03-01,2026,3,March,West Bank,Jericho,PS0135,demonstrations,0,0
2026-03-01,2026,3,March,West Bank,Qalqilya,PS0120,demonstrations,1,0
2026-03-01,2026,3,March,West Bank,Salfit,PS0125,demonstrations,0,0
2026-03-01,2026,3,March,West Bank,Nablus,PS0115,demonstrations,4,0
2026-03-01,2026,3,March,West Bank,Ramallah and Al Bireh,PS0130,demonstrations,3,0
2026-03-01,2026,3,March,West Bank,Bethlehem,PS0145,demonstrations,0,0
2026-03-01,2026,3,March,West Bank,Al Quds,PS0140,demonstrations,1,0
2026-03-01,2026,3,March,West Bank,Hebron,PS0150,demonstrations,1,0
2026-03-01,2026,3,March,West Bank,Tulkarm,PS0110,demonstrations,2,0
2026-03-01,2026,3,March,West Bank,Tubas,PS0105,demonstrations,1,0
2026-04-01,2026,4,April,West Bank,Jenin,PS0101,demonstrations,0,0
2026-04-01,2026,4,April,West Bank,Jericho,PS0135,demonstrations,1,0
2026-04-01,2026,4,April,West Bank,Qalqilya,PS0120,demonstrations,2,0
2026-04-01,2026,4,April,West Bank,Salfit,PS0125,demonstrations,0,0
2026-04-01,2026,4,April,West Bank,Nablus,PS0115,demonstrations,4,0
2026-04-01,2026,4,April,West Bank,Ramallah and Al Bireh,PS0130,demonstrations,6,0
2026-04-01,2026,4,April,West Bank,Bethlehem,PS0145,demonstrations,2,0
2026-04-01,2026,4,April,West Bank,Al Quds,PS0140,demonstrations,0,0
2026-04-01,2026,4,April,West Bank,Hebron,PS0150,demonstrations,1,0
2026-04-01,2026,4,April,West Bank,Tulkarm,PS0110,demonstrations,0,0
2026-04-01,2026,4,April,West Bank,Tubas,PS0105,demonstrations,1,0
